Workbook
Name ang: CS!#REF!
Name ang: EN!#REF!
Name nem: DE!#REF!
Name OLE_LINK1: RU!#REF!
Name OLE_LINK11: A0!$C$93
Name OLE_LINK2: Czas!$A$76
Name OLE_LINK6: A0!$C$78
Name pol: PL!#REF!
Name rus: RU!#REF!

Sheet A0
B1: Stanisław Lem Non Fiction
B2: Bibliografia, Personalie
B3: Ułożył Wiktor Jaźniewicz
B4: Wersja od 15.07.2024 r. (Fragment "Dialogi")
B6: Ta książka stwarza się w systemie Microsoft Excel (z szerokim wykorzystaniem odsyłaczy),
B7: a następnie konwertowana do formatu Word .DOC i .PDF.
B8: W niniejszym pliku znajdują się następujące strony:
A9: - | B9: PL - Bibliografia w części monografii Lema "Dialogi" (wszystkie wydania łącznie z publikacją fragmentów)
A10: - | B10: RU, DE, EN, SK, CS, RO, NL, BE, MK - bibliografia tłumaczeń "Dialogów" (całości i fragmentów) odpowiednio w językach
B11: rosyjskim, niemieckim, angielskim, słowackim, czeskim, rumuńskim, niderlandzkim, białoruskim, macedońskim.
A12: - | B12: LO - listy otwarte i apele podpisane przez Lema.
A13: - | B13: My - maszynopisy (rękopisy) Lema przechowywane w archiwach.
A14: - | B14: About - książki, specjalne wydania czasopism i najważniejsze artykuły o Lemie.
A15: - | B15: PLF - bibliografia beletrystyki Lema.
A16: - | B16: PLp - Indeks person wydawniczy (współautorzy, rozmówcy, tłumacze, świadkowie wypowiedzi,
B17: redaktorzy książek i specjalnych czasopismów z artykułami Stanisława Lema i o nim, autorzy artykułów o Stanisławie Lemie).
A18: - | B18: Prs - Personalie Stanisława Lema (persony, wymienione w jego dziełach).
A19: - | B19: Wyd - wydawnictwa, które publikowały książki z dziełami Lema (we wszystkich językach).
A20: - | B20: INM - indeks monografii naukowych Lema (wydania we wszystkich językach).
A21: - | B21: Czas - indeks gazet i czasopism, które publikowały dzieła Lema (we wszystkich językach).
B22: Istnieje również plik o podobnej strukturze, zawierający bibliografię Wierszy Lema (we wszystkich językach).
B24: Zwróćcie uwagę!
B25: Odnośniki (po znaku "=" w zapisie bibliograficznym) podają się tak:
B26: aB:C.De, gdzie:
B27: a | C27: – | D27: ↑ czy ↓ (podaje się tylko na przodu dla listy odnośników) i oznacza odnośniki:
B28: ↑ | C28: – | D28: w każdym języku na pierwszą publikacje; dla pierwszego tłumaczenia na oryginał.
B29: ↓ | C29: – | D29: dla pierwszej publikacji (oryginała) na wszystkie następne publikacje.
B30: B: | C30: – | D30: rozdział (język) bibliografii (PL, BG, CZ itd). Nie podaje się przy odnośniku w ramach rozdziału (języka).
B31: C | C31: – | D31: numer publikacji w ramach danego rozdziała (języka).
B32: .D | C32: – | D32: numer tytuła w ramach publikacji. Nie podaje się przy jednym tytule w publikacji.
B33: e | C33: – | D33: -, <, > czy ! (nie podaje się, jeżeli następna publikacja całkiem odpowiada oryginału) i oznacza, że:
B34: - | C34: – | D34: następna publikacja jest w fragmencie (fragmentach) (zawiera mniej niż 50% oryginału).
B35: > | C35: – | D35: następna publikacja jest w skrócie (ale zawiera więcej niż 50% oryginału).
B36: < | C36: – | D36: następna publikacja jest poszerzona.
B37: ! | C37: – | D37: następna publikacja jest nieznacznie zmieniona.
B38: + | C38: – | D38: zjednoczenie publikacji
... B42: ¤ | C42: – | D42: publikacja z karykaturą S.Lema
B44: Odnośniki w Indeksach: B:C.D (patrz wyżej). Puste "B:" oznacza odnośnik na rozdział "PL".
B46: Odnośniki w "Personalie Stanisława Lema":
B47: Dla każdej osoby po znaku „–” znajduje się lista publikacji, w których osoba jest wymieniona.
B48: Lista między językami publikacji jest dzielona znakami „/”, a wewnątrz języka – znakami „ ,” (przecinek).
B49: Każdy element listy jest podany w tej formie:
B50: А:ХВ.С:S, gdzie:
A51: - | B51: A – język wydania zgodnie z normą ISO 639-1 (język jest określony tylko dla pierwszego elementu listy);
B52: jeżeli „A:” na początku listy nie ma –oznacza to publikację w języku polskim);
A53: - | B53: X – część Bibliografii: F – Fiction, L – Listy Otwarte i Apele, R –Rękopisy, W – Wiersze, jeżeli nie ma litery – Non Fiction;
A54: - | B54: B – numer porządkowy publikacji w części dla określonego języka Bibliografii;
A55: - | B55: C – rozdział publikacji B („.C" może być nieobecny);
A56: - | B56: S – dla książek oznacza strony w postaci:
B57: 1) liczby (numer strony) lub listy liczb (numerów stron) oddzielonych znakiem „;” lub jako
B58: 2) „#N”, gdzie znak „#” oznacza, że książka ma swoje Personalie, a N – to ilość stron w książce,
B59: na których dana osoba jest wymieniona („:S” może być nieobecny);
B60: znak „-” oznacza połączenie kilku kolejnych stron książki.
B62: Dla Wierszów:
B63: Specjalny odnośnik "↓↓↓...↓↓↓" oznacza, że wiersz występuje w beletrystycznym utworze,
B64: u którego są w dużej ilości republikacje i tłumaczenia na inne języki, które wychodzą za ramy danej Bibliografii.

Sheet PL
A1: PL: | B1: PL: Po polsku | C1: @ | D1: 2192 | E1: numb | F1: . | G1: „” | H1: , | I1: PL | J1: . – | K1: wydawca | L1: , | M1: rok, nr, s. □⌂¤ | N1: = | O1: ↓↑ | P1: ; | Q1: ↓↑tłumaczenia | R1: .
B2: * | I2: I. Monografie, artykuły, wywiady, listy, wypowiedzi
D3: ~~~~~~ | I3: Język Polski; Polish (PL)
D4: (…)
B5: a+k | C5: @ | D5: 101 | F5: . | G5: Lem S. | H5: , | I5: Dialog o wskrzeszaniu z atomów | J5: . – | K5: Nowa Kultura (W.) | L5: , | M5: 1957, nr 3, s.4-5. | N5: = | Q5: =CONCATENATE("↓",D6,".",E8) -> ↓126.1 | R5: .
B6: k+k* | C6: @ | D6: 126 | F6: . | G6: Lem S. | H6: , | I6: Dialogi: O zmartwychwstaniu atomowym, teorii niemożności, filozoficznych korzyściach ludożerstwa, smutku w próbówce, psychoanalizie cybernetycznej, elektrycznej metampsychozie, sprzężeniach zwrotnych ewolucji, eschatologii cybernetycznej, osobowości sieci elektrycznych, przewrotności elektromózgów, życiu wiecznym w skrzyni, konstruowaniu geniuszów, epilepsji kapitalizmu, maszynach do rządzenia, projektowaniu systemów społecznych | J6: . – | K6: K.: Wydawnictwo Literackie | L6: , | M6: 1957, 323 s. | N6: = | Q6: =CONCATENATE("↓",CS!A1,CS!D4,".",CS!E6,"; ",EN!A1,EN!D9,".",EN!E11,", ",EN!D13,".",EN!E15,", ",EN!D17,".",EN!E20,"; ",RO!A1,RO!D4,".",RO!E6) -> ↓CS:22.2; EN:158.6, 171.4, 172a.4; RO:3.1 | R6: .
D7: ~~~ | I7: Spis treści:
D8: ~~~ | E8: 1 | F8: . | I8: I | L8: , | M8: s.5-30. | N8: = | O8: =CONCATENATE("↑",D5) -> ↑101 | P8: ; | Q8: =CONCATENATE("↓",D19,".",E21,", ",D38,", ",D53,".",E54,", ",D62,".",E63,"; ",DE!A1,DE!D4,".",DE!E6,"; ",EN!A1,EN!D4,".",EN!E7,"; ",RU!A1,RU!D5,", ",RU!D12,", ",RU!D13,".",RU!E16,"; ",SK!A1,SK!D4,".",SK!E6,".") -> ↓361.1, 643a, 1944.1, 2141.1; DE:176.1; EN:152a.25; RU:177, 453, 478.2.1; SK:9.2.
D9: ~~~ | E9: 2 | F9: . | I9: II | L9: , | M9: s.31-44. | N9: = | Q9: =CONCATENATE("↓",D19,".",E22,", ",D57,".",E60,"; ",DE!A1,DE!D4,".",DE!E7,"; ",RU!A1,RU!D13,".",RU!E17,"; ",SK!A1,SK!D4,".",SK!E6) -> ↓361.2, 2126.10; DE:176.2; RU:478.2.2; SK:9.2 | R9: .
D10: ~~~ | E10: 3 | F10: . | I10: III | L10: , | M10: s.45-73. | N10: = | Q10: =CONCATENATE("↓",D19,".",E22,"; ",DE!A1,DE!D4,".",DE!E8,"; ",RU!A1,RU!D13,".",RU!E18,"; ",SK!A1,SK!D4,".",SK!E6) -> ↓361.2; DE:176.3; RU:478.2.3; SK:9.2 | R10: .
D11: ~~~ | E11: 4 | F11: . | I11: IV | L11: , | M11: s.74-100. | N11: = | Q11: =CONCATENATE("↓",D19,".",E22,", ",D62,".",E64,"; ",DE!A1,DE!D4,".",DE!E9,"; ",RU!A1,RU!D13,".",RU!E19,"; ",SK!A1,SK!D4,".",SK!E6) -> ↓361.2, 2141.2; DE:176.4; RU:478.2.4; SK:9.2 | R11: .
D12: ~~~ | E12: 5 | F12: . | I12: V | L12: , | M12: s.101-156. | N12: = | Q12: =CONCATENATE("↓",D19,".",E22,", ",D62,".",E65,"; ",DE!A1,DE!D4,".",DE!E10,"; ",RU!A1,RU!D13,".",RU!E20,"; ",SK!A1,SK!D4,".",SK!E6) -> ↓361.2, 2141.3; DE:176.5; RU:478.2.5; SK:9.2 | R12: .
D13: ~~~ | E13: 6 | F13: . | I13: VI | L13: , | M13: s.157-183. | N13: = | Q13: =CONCATENATE("↓",D19,".",E22,"; ",DE!A1,DE!D4,".",DE!E11,"; ",RU!A1,RU!D13,".",RU!E21,"; ",SK!A1,SK!D4,".",SK!E6) -> ↓361.2; DE:176.6; RU:478.2.6; SK:9.2 | R13: .
D14: ~~~ | E14: 7 | F14: . | I14: VII | L14: , | M14: s.184-264. | N14: = | Q14: =CONCATENATE("↓",D19,".",E22,"; ",DE!A1,DE!D4,".",DE!E12,"; ",RU!A1,RU!D3,", ",RU!D4,", ",RU!D13,".",RU!E22,"; ",SK!A1,SK!D4,".",SK!E6) -> ↓361.2; DE:176.7; RU:1, 137, 478.2.7; SK:9.2 | R14: .
D15: ~~~ | E15: 8 | F15: . | I15: VIII | L15: , | M15: s.265-314. | N15: = | Q15: =CONCATENATE("↓",D19,".",E22,", ",D68,".",E69,"; ",DE!A1,DE!D4,".",DE!E13,"; ",RU!A1,RU!D13,".",RU!E23) -> ↓361.2, 2192.1; DE:176.8; RU:478.2.8 | R15: .
B16: a+* | D16: ~~~ | E16: 9 | F16: . | I16: Przypisy | L16: , | M16: s.315-323.
B17: a176+k | C17: @ | D17: 305 | F17: . | G17: Lem S. | H17: , | I17: Etyka technologii i technologia etyki | J17: . – | K17: Studia Filozoficzne (W.) | L17: , | M17: 1967, nr 3, s.107-142. | N17: = | Q17: =CONCATENATE("↓",D19,".",E27,"; ",DE!A1,DE!D30,".",DE!E32,", ",DE!D51,"; ",RU!A1,RU!D6,".",RU!E7) -> ↓361.4.1; DE:281.2, 318; RU:182.1 | R17: .
B18: a178+k | C18: @ | D18: 312 | F18: . | G18: Lem S. | H18: , | I18: Biologia i wartości | J18: . – | K18: Studia Filozoficzne (W.) | L18: , | M18: 1968, nr 3/4, s.35-78. | N18: = | Q18: =CONCATENATE("↓",D19,".",E28) -> ↓361.4.2 | R18: .
C19: @ | D19: 361 | F19: . | G19: Lem S. | H19: , | I19: Dialogi | J19: . – | K19: K.: Wydawnictwo Literackie | L19: , | M19: 1972, 424 s. Wyd.2. | N19: = | Q19: =CONCATENATE("↓",BE!A1,BE!D4,".",BE!E6,"; ",EN!A1,EN!D17,".",EN!E18,", ",EN!D22,"; ",MK!A1,MK!D4,".",MK!E6) -> ↓BE:11.2.5; EN:172a.1, 177; MK:3.2.5 | R19: .
D20: ~~~ | I20: Spis treści:
B21: k+* | D21: ~~~ | E21: 1 | F21: . | I21: Przedmowa do drugiego wydania | L21: , | M21: s.5-7. | N21: = | Q21: =CONCATENATE("↓",D29,".",E30,"; ",RU!A1,RU!D13,".",RU!E14,"; ",SK!A1,SK!D4,".",SK!E5) -> ↓539.1; RU:478.1; SK:9.1 | R21: .
B22: k+c | D22: ~~~ | E22: 2 | F22: . | I22: Dialogi I-VIII | L22: , | M22: s.9-242. | N22: = | O22: =CONCATENATE("↑",D6,".",E8,"÷",E15) -> ↑126.1÷8 | P22: ; | Q22: =CONCATENATE("↓",D29,".",E31) -> ↓539.2 | R22: .
D23: ~~~ | E23: 3 | F23: . | I23: Aneks, część I: Dialogi po szesnastu latach
B24: k+* | D24: ~~~~~~ | E24: 3.1 | F24: . | I24: Tracone złudzenia, czyli od intelektroniki do informatyki | L24: , | M24: s.245-275. | N24: = | Q24: =CONCATENATE("↓",D29,".",E33,"; ",DE!A1,DE!D24,".",DE!E26,"; ",RU!A1,RU!D13,".",RU!E25) -> ↓539.3.1; DE:205.11; RU:478.3.1 | R24: .
B25: k+* | D25: ~~~~~~ | E25: 3.2 | F25: . | I25: Cybernetyka stosowana: przykład z dziedziny socjologii | L25: , | M25: s.276-300. | N25: = | Q25: =CONCATENATE("↓",D29,".",E34,"; ",DE!A1,DE!D24,".",DE!E28,"; ",RU!A1,RU!D13,".",RU!E26) -> ↓539.3.2; DE:205.13; RU:478.3.2 | R25: .
D26: ~~~ | E26: 4 | F26: . | I26: Aneks, część II
B27: k+* | D27: ~~~~~~ | E27: 4.1 | F27: . | I27: Etyka technologii i technologia etyki | L27: , | M27: s.303-356. | N27: = | O27: =CONCATENATE("↑",D17) -> ↑305 | P27: ; | Q27: =CONCATENATE("↓",D29,".",E36,"; ",RU!A1,RU!D13,".",RU!E28) -> ↓539.4.1; RU:478.4.1 | R27: .
B28: k+* | D28: ~~~~~~ | E28: 4.2 | F28: . | I28: Biologia i wartości | L28: , | M28: s.357-422. | N28: = | O28: =CONCATENATE("↑",D18) -> ↑312 | P28: ; | Q28: =CONCATENATE("↓",D29,".",E37,"; ",DE!A1,DE!D24,".",DE!E27,"; ",RU!A1,RU!D13,".",RU!E29) -> ↓539.4.2; DE:205.12; RU:478.4.2 | R28: .
B29: k+c | C29: @ | D29: 539 | F29: . | G29: Lem S. | H29: , | I29: Dialogi | J29: . – | K29: K., Wr.: Wydawnictwo Literackie | L29: , | M29: 1984, 504 s. Wyd.3.
D30: ~~~ | E30: 1 | F30: . | I30: Przedmowa do drugiego wydania | L30: , | M30: s.5-8. | N30: = | O30: =CONCATENATE("↑",D19,".",E21) -> ↑361.1 | P30: ; | Q30: =CONCATENATE("↓",D39,".",E41) -> ↓1025.1 | R30: .
D31: ~~~ | E31: 2 | F31: . | I31: Dialogi I-VIII | L31: , | M31: s.9-287. | N31: = | O31: =CONCATENATE("↑",D19,".",E22) -> ↑361.2 | P31: ; | Q31: =CONCATENATE("↓",D39,".",E42) -> ↓1025.2 | R31: .
D32: ~~~ | E32: 3 | F32: . | I32: Aneks, część I: Dialogi po szesnastu latach
D33: ~~~~~~ | E33: 3.1 | F33: . | I33: Tracone złudzenia, czyli od intelektroniki do informatyki | L33: , | M33: s.291-327. | N33: = | O33: =CONCATENATE("↑",D19,".",E24) -> ↑361.3.1 | P33: ; | Q33: =CONCATENATE("↓",D43,".",E46) -> ↓1026.1 | R33: .
D34: ~~~~~~ | E34: 3.2 | F34: . | I34: Cybernetyka stosowana: przykład z dziedziny socjologii | L34: , | M34: s.328-357. | N34: = | O34: =CONCATENATE("↑",D19,".",E25) -> ↑361.3.2 | P34: ; | Q34: =CONCATENATE("↓",D43,".",E47) -> ↓1026.2 | R34: .
D35: ~~~ | E35: 4 | F35: . | I35: Aneks, część II
D36: ~~~~~~ | E36: 4.1 | F36: . | I36: Etyka technologii i technologia etyki | L36: , | M36: s.362-425. | N36: = | O36: =CONCATENATE("↑",D19,".",E27) -> ↑361.4.1 | P36: ; | Q36: =CONCATENATE("↓",D43,".",E49) -> ↓1026.3 | R36: .
D37: ~~~~~~ | E37: 4.2 | F37: . | I37: Biologia i wartości | L37: , | M37: s.426-503. | N37: = | O37: =CONCATENATE("↑",D19,".",E28) -> ↑361.4.2 | P37: ; | Q37: =CONCATENATE("↓",D43,".",E50) -> ↓1026.4 | R37: .
B38: kc+ | C38: @ | D38: 643a | F38: . | G38: Lem S. | H38: , | I38: Dialogi. I / W: Aneksy (do Logiki zdrowego rozsądku) | J38: . – | K38: Darmstadt: Technische Hochschule | L38: , | M38: 1991(?), s.1-37. | N38: = | O38: =CONCATENATE("↑",D6,".",E8) -> ↑126.1 | R38: .
B39: k+c | C39: @ | D39: 1025 | F39: . | G39: Lem S. | H39: , | I39: Dialogi. T.1 | J39: . – | K39: W.: Interart | L39: , | M39: 1996, 288 s.□ [Wyd.4] | N39: = | Q39: =CONCATENATE("↓",D52) -> ↓1510 | R39: .
D40: ~~~ | I40: Spis treści:
D41: ~~~ | E41: 1 | F41: . | I41: Przedmowa | L41: , | M41: s.5-8. | N41: = | O41: =CONCATENATE("↑",D29,".",E30) -> ↑539.1 | R41: .
D42: ~~~ | E42: 2 | F42: . | I42: Dialogi I-VIII | L42: , | M42: s.9-286. | N42: = | O42: =CONCATENATE("↑",D29,".",E31) -> ↑539.2 | R42: .
B43: k+c | C43: @ | D43: 1026 | F43: . | G43: Lem S. | H43: , | I43: Dialogi. T.2 | J43: . – | K43: W.: Interart | L43: , | M43: 1996, 228 s.□ [Wyd.4] | N43: = | Q43: =CONCATENATE("↓",D52) -> ↓1510 | R43: .
D44: ~~~ | I44: Spis treści:
D45: ~~~ | I45: Aneks, Część I: Dialogi po szesnastu latach
D46: ~~~~~~ | E46: 1 | F46: . | I46: Tracone złudzenia, czyli od intelektroniki do informatyki | L46: , | M46: s.7-43. | N46: = | O46: =CONCATENATE("↑",D29,".",E33) -> ↑539.3.1 | R46: .
D47: ~~~~~~ | E47: 2 | F47: . | I47: Cybernetyka stosowana: przykład z dziedziny socjologii | L47: , | M47: s.44-73. | N47: = | O47: =CONCATENATE("↑",D29,".",E34) -> ↑539.3.2 | R47: .
D48: ~~~ | I48: Aneks, Część II
D49: ~~~~~~ | E49: 3 | F49: . | I49: Etyka technologii i technologia etyki | L49: , | M49: s.77-140. | N49: = | O49: =CONCATENATE("↑",D29,".",E36) -> ↑539.4.1 | R49: .
D50: ~~~~~~ | E50: 4 | F50: . | I50: Biologia i wartości | L50: , | M50: s.141-218. | N50: = | O50: =CONCATENATE("↑",D29,".",E37) -> ↑539.4.2 | R50: .
D51: ~~~ | I51: Posłowie: Jerzy Jarzębski, Lata modzieńcze i dojrzałość cybernetyki | L51: , | M51: s.219-225.
B52: k+c | C52: @ | D52: 1510 | F52: . | G52: Lem S. | H52: , | I52: Dialogi | J52: . – | K52: K.: Wydawnictwo Literackie | L52: , | M52: 2001, 488 s. [Wyd.5] | N52: = | O52: =CONCATENATE("↑",D39,"+",D43) -> ↑1025+1026 | P52: ; | Q52: =CONCATENATE("↓",D56) -> ↓2083 | R52: .
C53: @ | D53: 1944 | F53: . | I53: Wszechświat Lema. Multimedialna podróż po świecie stworzonym przez sławnego pisarza i wizjonera / Pomysł i realizacja: Wojciech Zemek i Agnieszka Kozik | J53: . – | K53: K.: Wydawnictwo Literackie; Gazeta Wyborcza (K.) | L53: , | M53: 2005, 14 maja.⌂ Płyta CD jako dodatek gratisowy do gazety i do książki „Lem S., Lata czterdzieste.Dyktanda”. Zawiera m.in. non fiction:
D54: ~~~ | E54: 1 | F54: . | G54: Lem S. | H54: , | I54: Dialog I | L54: . | N54: = | O54: =CONCATENATE("↑",D6,".",E8,">") -> ↑126.1> | R54: .
E55: (…)
B56: k+c | C56: @ | D56: 2083 | F56: . | G56: Lem S. | H56: , | I56: Dialogi | J56: . – | K56: W.: Agora SA | L56: , | M56: 2010, 400 s. [Wyd.6] (Dzieła, T.32) | N56: = | O56: =CONCATENATE("↑",D52) -> ↑1510 | R56: .
B57: k+c | C57: @ | D57: 2126 | F57: . | G57: Lem S. | H57: , | I57: Diabeł i arcydzieło. Teksty przełomowe / Wybór: Wojciech Zemek; Konsultacje bibliograficzne: Wiktor Jaźniewicz | J57: . – | K57: K.: Wydawnictwo Literackie | L57: , | M57: 2018, 595 s. | N57: = | Q57: =CONCATENATE("↓",D66) -> ↓2161 | R57: .
D58: ~~~ | I58: Spis treści:
D59: ~~~ | I59: Nauka
D60: ~~~ | E60: 10 | F60: . | I60: Dialog II | L60: , | M60: s.153-165. | N60: = | O60: =CONCATENATE("↑",D6,".",E9) -> ↑126.2 | R60: .
E61: (…)
C62: @ | D62: 2141 | F62: . | I62: Filozoficzny Lem. Wybór tekstów Stanisława Lema i opracowania. Tom 1 / Red. Filip Kobiela i Jakub Gomułka | J62: . – | K62: W.: Wydawnictwo Aletheia | L62: , | M62: 2021, 555 s. Zawiera:
B63: k+c | D63: ~~~ | E63: 1 | F63: . | G63: Lem S. | H63: , | I63: Dialog I | L63: , | M63: s.43-72. | N63: = | O63: =CONCATENATE("↑",D6,".",E8) -> ↑126.1 | R63: .
B64: k+c | D64: ~~~ | E64: 2 | F64: . | G64: Lem S. | H64: , | I64: Dialog IV | L64: , | M64: s.87-117. | N64: = | O64: =CONCATENATE("↑",D6,".",E11) -> ↑126.4 | R64: .
B65: k+c | D65: ~~~ | E65: 3 | F65: . | G65: Lem S. | H65: , | I65: Dialog V | L65: , | M65: s.119-179. | N65: = | O65: =CONCATENATE("↑",D6,".",E12) -> ↑126.5 | R65: .
B66: k+c | C66: @ | D66: 2161 | F66: . | G66: Lem S. | H66: , | I66: Diabeł i arcydzieło. Teksty przełomowe / Wybór: Wojciech Zemek; Konsultacje bibliograficzne: Wiktor Jaźniewicz | J66: . – | K66: K.: Wydawnictwo Literackie | L66: , | M66: 2021, 595 s. [Wyd.1, dodruk] | N66: = | O66: =CONCATENATE("↑",D57) -> ↑2126 | P66: ; | Q66: =CONCATENATE("↓",D67) -> ↓2190 | R66: .
B67: k+c | C67: @ | D67: 2190 | F67: . | G67: Lem S. | H67: , | I67: Diabeł i arcydzieło. Teksty przełomowe / Wybór: Wojciech Zemek; Konsultacje bibliograficzne: Wiktor Jaźniewicz | J67: . – | K67: K.: Wydawnictwo Literackie | L67: , | M67: 2024, 595 s. [Wyd.1, dodruk] | N67: = | O67: =CONCATENATE("↑",D66) -> ↑2161 | R67: .
C68: @ | D68: 2192 | F68: . | I68: Filozoficzny Lem. Wybór tekstów Stanisława Lema i opracowania. Tom 2 / Red. Filip Kobiela i Jakub Gomułka | J68: . – | K68: W.: Wydawnictwo Aletheia | L68: , | M68: 2024, Przygotowuje się do druku. Zawiera:
D69: ~~~ | E69: 1 | F69: . | G69: Lem S. | H69: , | I69: Dialog VIII | L69: , | M69: s.. | N69: = | O69: =CONCATENATE("↑",D6,".",E15) -> ↑126.8 | R69: .
E70: (…)

Sheet RU
A1: RU: | C1: @ | D1: . | E1: numb | F1: . | G1: «» | H1: , | I1: RU | J1: . – | K1: wydawca | L1: , | M1: rok, nr, s. | N1: = | O1: ↓↑ | P1: ; | Q1: ↓↑tł | R1: . | S1: pierwodruk | T1: com | U1: 1 | V1: 2 | W1: 3 | X1: 4 | Y1: 5 | Z1: 6 | AA1: 7 | AB1: 8
B2: * | D2: ~~~~~~ | I2: Język Rosyjski; Русский язык; Russian (RU)
C3: @ | D3: 1 | F3: . | G3: Лем Станислав | H3: , | I3: Диалоги (фрагменты) / В статье: Николаев Н.Н., Рецензия на «С.Лем, Диалоги. Краков, 1957» | J3: . – | K3: Вопросы философии (М.) | L3: , | M3: 1958, №8, с.179-180. | N3: = | O3: =CONCATENATE("↑",PL!A1,PL!D6,".",PL!E14,"-") -> ↑PL:126.7- | R3: .
C4: @ | D4: 137 | F4: . | G4: Лем С. | H4: , | I4: Проект совершенного общества / Перевод с польского Э.Левина | J4: . – | K4: Страна и мир (Мюнхен) | L4: , | M4: 1987, №6, с.92-102. | N4: = | O4: =CONCATENATE("↑",PL!A1,PL!D6,".",PL!E14,">") -> ↑PL:126.7> | R4: .
C5: @ | D5: 177 | F5: . | G5: Лем С. | H5: , | I5: О воскрешении из атомов / Пер. К.Душенко | J5: . – | K5: Фантакрим-MEGA (Минск) | L5: , | M5: 1992, №5, с.48-50. | N5: = | O5: =CONCATENATE("↑",PL!A1,PL!D6,".",PL!E8,">") -> ↑PL:126.1> | R5: .
C6: @ | D6: 182 | F6: . | G6: Лем С. | H6: , | I6: Этика технологии и технология этики. Модель культуры / Составление, предисловие и перевод с польского К.В.Душенко; ред. В.Борисов | J6: . – | K6: Пермь: РИФ «Бегемот»; Абакан: ТОО «Центавр»; М.: Лаборатория теории и истории культуры ИНИОН РАН | L6: , | M6: 1993, 95 с. Содержание:
D7: ~~~ | E7: 1 | F7: . | I7: Этика технологии и технология этики | N7: = | O7: =CONCATENATE("↑",PL!A1,PL!D17) -> ↑PL:305 | R7: .
D8: ~~~~~~ | E8: 1.1 | F8: . | I8: Вступительные замечания | L8: , | M8: с.6-8.
D9: ~~~~~~ | E9: 1.2 | F9: . | I9: I | L9: , | M9: с.8-17.
D10: ~~~~~~ | E10: 1.3 | F10: . | I10: II | L10: , | M10: с.17-42.
D11: ~~~~~~ | E11: 1.4 | F11: . | I11: Резюме | L11: , | M11: с.42-46.
C12: @ | D12: 453 | F12: . | G12: Лем С. | H12: , | I12: Диалоги [I] / Пер. О.Салнит | J12: . – | K12: Известия (М.) | L12: , | M12: 2004, №235, 17 декабря 2004, с.45 (Чтение) | N12: = | Q12: =CONCATENATE("↓",D13,".",E16) -> ↓478.2.1 | R12: .
C13: @ | D13: 478 | F13: . | G13: Лем С. | H13: , | I13: Диалоги / Пер. О.Салнит; Науч. ред. Б.Старостин | J13: . – | K13: М.: ООО «Издательство АСТ»; ООО «Транзиткнига» | L13: , | M13: 2005, 523 с. (Philosophy). Содержание:
D14: ~~~ | E14: 1 | F14: . | I14: Предисловие | L14: , | M14: с.5-8. | N14: = | O14: =CONCATENATE("↑",PL!A1,PL!D19,".",PL!E21) -> ↑PL:361.1 | R14: .
D15: ~~~ | E15: 2 | F15: . | I15: Диалоги | X15: Мир, затаив дыхание, следит за судьбами украинского бунта…
D16: ~~~~~~ | E16: 2.1 | F16: . | I16: I | L16: , | M16: с.11-35. | N16: = | O16: =CONCATENATE("↑",D12,"<","; ",PL!A1,PL!D6,".",PL!E8) -> ↑453<; PL:126.1 | R16: . | X16: Дальнейшее развитие событий зависит от столь большого числа факторов
D17: ~~~~~~ | E17: 2.2 | F17: . | I17: II | L17: , | M17: с.36-48. | N17: = | O17: =CONCATENATE("↑",PL!A1,PL!D6,".",PL!E9) -> ↑PL:126.2 | R17: .
D18: ~~~~~~ | E18: 2.3 | F18: . | I18: III | L18: , | M18: с.49-75. | N18: = | O18: =CONCATENATE("↑",PL!A1,PL!D6,".",PL!E10) -> ↑PL:126.3 | R18: .
D19: ~~~~~~ | E19: 2.4 | F19: . | I19: IV | L19: , | M19: с.76-100. | N19: = | O19: =CONCATENATE("↑",PL!A1,PL!D6,".",PL!E11) -> ↑PL:126.4 | R19: .
D20: ~~~~~~ | E20: 2.5 | F20: . | I20: V | L20: , | M20: с.101-152. | N20: = | O20: =CONCATENATE("↑",PL!A1,PL!D6,".",PL!E12) -> ↑PL:126.5 | R20: .
D21: ~~~~~~ | E21: 2.6 | F21: . | I21: VI | L21: , | M21: с.153-177. | N21: = | O21: =CONCATENATE("↑",PL!A1,PL!D6,".",PL!E13) -> ↑PL:126.6 | R21: .
D22: ~~~~~~ | E22: 2.7 | F22: . | I22: VII | L22: , | M22: с.178-254. | N22: = | O22: =CONCATENATE("↑",PL!A1,PL!D6,".",PL!E14) -> ↑PL:126.7 | R22: .
D23: ~~~~~~ | E23: 2.8 | F23: . | I23: VIII | L23: , | M23: с.255-300. | N23: = | O23: =CONCATENATE("↑",PL!A1,PL!D6,".",PL!E15) -> ↑PL:126.8 | R23: .
D24: ~~~ | E24: 3 | F24: . | I24: Анекс. Часть I. Диалоги шестнадцать лет спустя
D25: ~~~~~~ | E25: 3.1 | F25: . | I25: Утраченные иллюзии, или от интеллектроники к информатике | L25: , | M25: с.303-340. | N25: = | O25: =CONCATENATE("↑",PL!A1,PL!D19,".",PL!E24) -> ↑PL:361.3.1 | R25: .
D26: ~~~~~~ | E26: 3.2 | F26: . | I26: Прикладная кибернетика: пример из области социологии | L26: , | M26: с.341-370. | N26: = | O26: =CONCATENATE("↑",PL!A1,PL!D19,".",PL!E25) -> ↑PL:361.3.2 | R26: .
D27: ~~~ | E27: 4 | F27: . | I27: Анекс. Часть II
D28: ~~~~~~ | E28: 4.1 | F28: . | I28: Этика технологии и технология этики | L28: , | M28: с.373-440. | N28: = | O28: =CONCATENATE("↑",PL!A1,PL!D19,".",PL!E27) -> ↑PL:361.4.1 | R28: .
D29: ~~~~~~ | E29: 4.2 | F29: . | I29: Биология и ценности | L29: , | M29: с.441-522. | N29: = | O29: =CONCATENATE("↑",PL!A1,PL!D19,".",PL!E28) -> ↑PL:361.4.2 | R29: .

Sheet DE
A1: DE: | C1: @ | D1: . | E1: numb | F1: . | G1: „“ ‚‘ | H1: , | I1: DE | J1: . – | K1: wydawca | L1: , | M1: rok, nr, S. | N1: = | O1: ↓↑ | P1: ; | Q1: ↓↑tłumaczenia | R1: .
B2: * | D2: ~~~~~~ | I2: Język Niemiecki; Deutsch; German (DE)
D3: (…)
C4: @ | D4: 176 | F4: . | G4: Lem S. | H4: , | I4: Dialoge / Autorisierte Übersetzung aus dem Polnischen von Jens Reuter | J4: . – | K4: F.a.M.: Suhrkamp Verlag | L4: , | M4: 1980, 319 S. | N4: = | Q4: =CONCATENATE("↓",D29,"; ",NL!A1,NL!D3) -> ↓207; NL:1 | R4: .
D5: ~~~ | I5: Inhalt:
D6: ~~~ | E6: 1 | F6: . | I6: I | L6: , | M6: S.9-33. | N6: = | O6: =CONCATENATE("↑",PL!A1,PL!D6,".",PL!E8) -> ↑PL:126.1 | P6: ; | Q6: =CONCATENATE("↓",D15,".",E17,", ",D20,".",E22,", ",D39,".",E41,", ",D43,".",E45,", ",D47,".",E49,", ") -> ↓190.2, 204.2, 291.2, 302.2, 316.2, | R6: .
D7: ~~~ | E7: 2 | F7: . | I7: II | L7: , | M7: S.34-46. | N7: = | O7: =CONCATENATE("↑",PL!A1,PL!D6,".",PL!E9) -> ↑PL:126.2 | P7: ; | Q7: =CONCATENATE("↓",D69,".",E70) -> ↓476.1 | R7: .
D8: ~~~ | E8: 3 | F8: . | I8: III | L8: , | M8: S.47-74. | N8: = | O8: =CONCATENATE("↑",PL!A1,PL!D6,".",PL!E10) -> ↑PL:126.3 | R8: .
D9: ~~~ | E9: 4 | F9: . | I9: IV | L9: , | M9: S.75-99. | N9: = | O9: =CONCATENATE("↑",PL!A1,PL!D6,".",PL!E11) -> ↑PL:126.4 | R9: .
D10: ~~~ | E10: 5 | F10: . | I10: V | L10: , | M10: S.100-153. | N10: = | O10: =CONCATENATE("↑",PL!A1,PL!D6,".",PL!E12) -> ↑PL:126.5 | R10: .
D11: ~~~ | E11: 6 | F11: . | I11: VI | L11: , | M11: S.154-178. | N11: = | O11: =CONCATENATE("↑",PL!A1,PL!D6,".",PL!E13) -> ↑PL:126.6 | R11: .
D12: ~~~ | E12: 7 | F12: . | I12: VII | L12: , | M12: S.179-257. | N12: = | O12: =CONCATENATE("↑",PL!A1,PL!D6,".",PL!E14) -> ↑PL:126.7 | R12: .
D13: ~~~ | E13: 8 | F13: . | I13: VIII | L13: , | M13: S.258-306. | N13: = | O13: =CONCATENATE("↑",PL!A1,PL!D6,".",PL!E15) -> ↑PL:126.8 | R13: .
B14: * | D14: ~~~ | E14: 9 | F14: . | I14: Nachwort / Aus dem Polnischen von Friedrich Griese | L14: , | M14: S.307-319. | N14: = | O14: =CONCATENATE("↑",My!A1,My!D2876,".",My!#REF!,"!") -> #REF! | P14: ; | Q14: =CONCATENATE("↓",RU!A1,RU!#REF!,".",RU!#REF!,", ",RU!#REF!,".",RU!#REF!,", ",RU!#REF!,".",RU!#REF!,"; ",#REF!,#REF!,".",#REF!,", ",#REF!,".",#REF!) -> #REF! | R14: .
C15: @ | D15: 190 | F15: . | G15: Lem S. | H15: , | I15: Die phantastischen Erzählungen / Hrsg. von Werner Berthel | J15: . – | K15: F.a.M.: Insel Verlag | L15: , | M15: 1980, 479 S. Im Inhalt:
E16: (…)
D17: ~~~ | E17: 2 | F17: . | I17: Die Auferstehungsmaschine / Aus dem Polnischen von Jens Reuter | L17: , | M17: S.343-361. | N17: = | O17: =CONCATENATE("↑",D4,".",E6,">") -> ↑176.1> | R17: .
E18: (…)
C20: @ | D20: 204 | F20: . | G20: Lem S. | H20: , | I20: Die phantastischen Erzählungen / Hrsg. von Werner Berthel | J20: . – | K20: F.a.M.: Insel Verlag | L20: , | M20: 1981, 479 S. 2. Auflage (51.-61. Tsd.). Im Inhalt:
E21: (…)
D22: ~~~ | E22: 2 | F22: . | I22: Die Auferstehungsmaschine / Aus dem Polnischen von Jens Reuter | L22: , | M22: S.343-361. | N22: = | O22: =CONCATENATE("↑",D4,".",E6,">") -> ↑176.1> | R22: .
E23: (…)
C24: @ | D24: 205 | F24: . | G24: Lem S. | H24: , | I24: Essays / Übersetzt von Friedrich Griese | J24: . – | K24: F.a.M.: Insel Verlag | L24: , | M24: 1981, 391 S. | N24: = | Q24: =CONCATENATE("↓",D68) -> ↓471a | R24: .
E25: (…)
D26: ~~~ | E26: 11 | F26: . | I26: Verlorene Illusionen oder Von der Intellektronik zur Informatik | L26: , | M26: S.247-283. | N26: = | O26: =CONCATENATE("↑",PL!A1,PL!D19,".",PL!E24) -> ↑PL:361.3.1 | P26: ; | Q26: =CONCATENATE("↓",D34,".",E36) -> ↓285.2 | R26: .
D27: ~~~ | E27: 12 | F27: . | I27: Biologie und Werte | L27: , | M27: S.284-361. | N27: = | O27: =CONCATENATE("↑",PL!A1,PL!D19,".",PL!E28) -> ↑PL:361.4.2 | P27: ; | Q27: =CONCATENATE("↓",D34,".",E37) -> ↓285.3 | R27: .
D28: ~~~ | E28: 13 | F28: . | I28: Angewandte Kybernetik: Ein Beispiel aus der Soziologie | L28: , | M28: S.362-391. | N28: = | O28: =CONCATENATE("↑",PL!A1,PL!D19,".",PL!E25) -> ↑PL:361.3.2 | P28: ; | Q28: =CONCATENATE("↓",D34,".",E38) -> ↓285.4 | R28: .
C29: @ | D29: 207 | F29: . | G29: Lem S. | H29: , | I29: Dialoge / Autorisierte Übersetzung aus dem Polnischen von Jens Reuter | J29: . – | K29: F.a.M.: Insel Verlag | L29: , | M29: 1981, 319 S. | N29: = | O29: =CONCATENATE("↑",D4) -> ↑176 | R29: .
C30: @ | D30: 281 | F30: . | G30: Jarzębski Jerzy | H30: , | I30: Zufall und Ordnung. Zum Werk Stanisław Lem / Aus dem Polnischen von Friedrich Griese | J30: . – | K30: F.a.M.: Suhrkamp Verlag | L30: , | M30: 1986, 219 S. Im Text des Buches:
E31: (…)
D32: ~~~ | E32: 2 | F32: . | G32: Lem S. | H32: , | I32: Ethik der Technologie und Technologie der Ethik | L32: , | M32: S.173. | N32: = | O32: =CONCATENATE("↑",PL!A1,PL!D17,"-") -> ↑PL:305- | R32: .
E33: (…)
C34: @ | D34: 285 | F34: . | G34: Lem S. | H34: , | I34: Über außersinnliche Wahrnehmung: Essays. Band 2 / Aus dem Polnischen von Friedrich Griese | J34: . – | K34: F.a.M.: Suhrkamp Verlag | L34: , | M34: 1987, 547 S. Inhalt:
E35: (…)
D36: ~~~ | E36: 2 | F36: . | I36: Verlorene Illusionen oder Von der Intellektronik zur Informatik | L36: , | M36: S.35-71. | N36: = | O36: =CONCATENATE("↑",D24,".",E26) -> ↑205.11 | R36: .
D37: ~~~ | E37: 3 | F37: . | I37: Biologie und Werte | L37: , | M37: S.72-149. | N37: = | O37: =CONCATENATE("↑",D24,".",E27) -> ↑205.12 | R37: .
D38: ~~~ | E38: 4 | F38: . | I38: Angewandte Kybernetik: ein Beispiel aus dem Bereich der Soziologie | L38: , | M38: S.150-179. | N38: = | O38: =CONCATENATE("↑",D24,".",E28) -> ↑205.13 | R38: .
C39: @ | D39: 291 | F39: . | G39: Lem S. | H39: , | I39: Die phantastischen Erzählungen / Hrsg. von Werner Berthel | J39: . – | K39: F.a.M.: Suhrkamp Verlag | L39: , | M39: 1988, 445 S. Im Inhalt:
E40: (…)
D41: ~~~ | E41: 2 | F41: . | I41: Die Auferstehungsmaschine / Aus dem Polnischen von Jens Reuter | L41: , | M41: S.343-361. | N41: = | O41: =CONCATENATE("↑",D4,".",E6,">") -> ↑176.1> | R41: .
E42: (…)
C43: @ | D43: 302 | F43: . | G43: Lem S. | H43: , | I43: Die phantastischen Erzählungen / Hrsg. von Werner Berthel | J43: . – | K43: F.a.M.: Suhrkamp Verlag | L43: , | M43: 1988, 445 S. 2. Auflage. Im Inhalt:
E44: (…)
D45: ~~~ | E45: 2 | F45: . | I45: Die Auferstehungsmaschine / Aus dem Polnischen von Jens Reuter | L45: , | M45: S.343-361. | N45: = | O45: =CONCATENATE("↑",D4,".",E6,">") -> ↑176.1> | R45: .
E46: (…)
C47: @ | D47: 316 | F47: . | G47: Lem S. | H47: , | I47: Die phantastischen Erzählungen / Hrsg. von Werner Berthel | J47: . – | K47: F.a.M.: Suhrkamp Verlag | L47: , | M47: 1990, 445 S. 3. Auflage. Im Inhalt:
E48: (…)
D49: ~~~ | E49: 2 | F49: . | I49: Die Auferstehungsmaschine / Aus dem Polnischen von Jens Reuter | L49: , | M49: S.343-361. | N49: = | O49: =CONCATENATE("↑",D4,".",E6,">") -> ↑176.1> | R49: .
E50: (…)
B51: b+ | C51: @ | D51: 318 | F51: . | G51: Lem S. | H51: , | I51: Die Ethik der Technologie und die Technologie der Ethik / Aus dem Polnischen von Friedrich Griese // Im: Lem S., Technologie und Ethik. Ein Lesebuch | J51: . – | K51: F.a.M.: Suhrkamp Verlag | L51: , | M51: 1990, S.321-394. | N51: = | O51: =CONCATENATE("↑",PL!A1,PL!D17) -> ↑PL:305 | R51: .
C52: @ | D52: 392 | F52: . | G52: Lem S. | H52: , | I52: Die phantastischen Erzählungen / Hrsg. von Werner Berthel | J52: . – | K52: F.a.M.: Suhrkamp Verlag | L52: , | M52: 1997, 445 S. [4. Auflage]. Im Inhalt:
E53: (…)
D54: ~~~ | E54: 2 | F54: . | I54: Die Auferstehungsmaschine / Aus dem Polnischen von Jens Reuter | L54: , | M54: S.343-361. | N54: = | O54: =CONCATENATE("↑",D4,".",E6,">") -> ↑176.1> | R54: .
E55: (…)
C56: @ | D56: 416 | F56: . | G56: Lem S. | H56: , | I56: Die phantastischen Erzählungen / Hrsg. von Werner Berthel | J56: . – | K56: F.a.M.: Suhrkamp Verlag | L56: , | M56: 2000, 445 S. [5. Auflage]. Im Inhalt:
E57: (…)
D58: ~~~ | E58: 2 | F58: . | I58: Die Auferstehungsmaschine / Aus dem Polnischen von Jens Reuter | L58: , | M58: S.343-361. | N58: = | O58: =CONCATENATE("↑",D4,".",E6,">") -> ↑176.1> | R58: .
E59: (…)
C60: @ | D60: 436 | F60: . | G60: Lem S. | H60: , | I60: Die phantastischen Erzählungen / Hrsg. von Werner Berthel | J60: . – | K60: F.a.M.: Suhrkamp Verlag | L60: , | M60: 2003, 445 S. [6. Auflage]. Im Inhalt:
E61: (…)
D62: ~~~ | E62: 2 | F62: . | I62: Die Auferstehungsmaschine / Aus dem Polnischen von Jens Reuter | L62: , | M62: S.343-361. | N62: = | O62: =CONCATENATE("↑",D4,".",E6,">") -> ↑176.1> | R62: .
E63: (…)
C64: @ | D64: 450 | F64: . | G64: Lem S. | H64: , | I64: Die phantastischen Erzählungen / Hrsg. von Werner Berthel | J64: . – | K64: F.a.M.: Suhrkamp Verlag | L64: , | M64: 2006, 445 S. 7. Auflage. Im Inhalt:
E65: (…)
D66: ~~~ | E66: 2 | F66: . | I66: Die Auferstehungsmaschine / Aus dem Polnischen von Jens Reuter | L66: , | M66: S.343-361. | N66: = | O66: =CONCATENATE("↑",D4,".",E6,">") -> ↑176.1> | R66: .
E67: (…)
C68: @ | D68: 471a | F68: . | G68: Lem S. | H68: , | I68: Essays / Übersetzt von Friedrich Griese, Klaus Staemmler | J68: . – | K68: B.: Insel Verlag | L68: , | M68: 2021, 391 S. | N68: = | O68: =CONCATENATE("↑",D24) -> ↑205 | R68: .
C69: @ | D69: 476 | F69: . | G69: Lem S. | H69: , | I69: Best of Lem / Hrsg. von Jan-Erik Strasser | J69: . – | K69: F.a.M.: Suhrkamp Verlag | L69: , | M69: 2021, 528 S. (Lem 2021: 100 Anniversary) Im Inhalt:
D70: ~~~ | E70: 1 | F70: . | I70: Dialoge. II / Übersetzt von Jens Reuter | L70: , | M70: S.49-65. | N70: = | O70: =CONCATENATE("↑",D4,".",E7) -> ↑176.2 | R70: .
E71: (…)

Sheet EN
A1: EN: | C1: @ | D1: 188 | E1: numb | F1: . | G1: “” ‘’ | H1: , | I1: EN | J1: . – | K1: wydawca | L1: , | M1: rok, nr, s. □⌂¤ | N1: = | O1: ↓↑ | P1: ; | Q1: ↓↑tłumaczenia | R1: .
B2: * | D2: ~~~~~~ | I2: Język Angielski; English (EN)
D3: (…)
C4: @ | D4: 152a | F4: . | I4: Lem's Opinion / In: Stanisław Lem – The Official Site // The compiler: Wojciech Zemek | J4: . – | K4: Internet (Lem.pl) | L4: , | M4: 2005. Contains:
E5: (…)
D6: ~~~~~~ | E6: 24 | F6: . | I6: Dialogs | L6: , | M6: https://english.lem.pl/works/essays/dialogs/105-lems-opinion?showall=1 | N6: = | O6: =CONCATENATE("↑",My!A1,My!D16,".",My!E44,"<") -> ↑R11.25< | R6: .
D7: ~~~~~~ | E7: 25 | F7: . | I7: A look inside Dialogs: I / Translated from German by Frank Prengel | L7: , | M7: https://english.lem.pl/works/essays/dialogs/106-a-look-inside-dialogs | N7: = | O7: =CONCATENATE("↑",PL!A1,PL!D6,".",PL!E8,">") -> ↑PL:126.1> | R7: .
E8: (…)
C9: @ | D9: 158 | F9: . | G9: Keller Lech | H9: , | I9: Visions of the future in the writings of Stanisław Lem. Volume 1 – The Thesis | J9: . – | K9: Saarbrücken: Lambert Academic Publishing; OmniScriptum GmbH & Co. KG | L9: , | M9: 2010, 363 pp. The book includes fragments of articles and interviews translated into English for the first time:
E10: (…)
D11: ~~~ | E11: 6 | F11: . | G11: Lem S. | H11: , | I11: The Dialogues | L11: , | M11: pp.137-139,153. | N11: = | O11: =CONCATENATE("↑",PL!A1,PL!D6,"-") -> ↑PL:126- | R11: .
E12: (…)
C13: @ | D13: 171 | F13: . | G13: Swirski Peter | H13: , | I13: Stanislaw Lem – Philosopher of the Future | J13: . – | K13: Liverpool: Liverpool University Press | L13: , | M13: 2015, 203 pp. The book includes fragments of articles and interviews translated into English for the first time:
E14: (…)
D15: ~~~ | E15: 4 | F15: . | G15: Lem S. | H15: , | I15: Dialogues (full title of first edition) | L15: , | M15: pp.33-34. | N15: = | O15: =CONCATENATE("↑",PL!A1,PL!D6,"-") -> ↑PL:126- | R15: .
E16: (…)
C17: @ | D17: 172a | F17: . | G17: Majewski Paweł | H17: , | I17: Between an Animal and a Machine: Stanisław Lem’s Technological Utopia / Translated by Olga Kaczmarek | J17: . – | K17: Berlin: Peter Lang Verlag | L17: , | M17: 2018, 246 pp. Contains translation of fragments from essays by Stanisław Lem:
D18: ~~~ | E18: 1 | F18: . | G18: Lem S. | H18: , | I18: Dialogues (2nd edition) | L18: , | M18: pp.15,46-50,54-64. | N18: = | O18: =CONCATENATE("↑",PL!A1,PL!D19,"-") -> ↑PL:361- | R18: .
E19: (…)
D20: ~~~ | E20: 4 | F20: . | G20: Lem S. | H20: , | I20: Dialogues (full title of 1st edition) | L20: , | M20: p.39. | N20: = | O20: =CONCATENATE("↑",PL!A1,PL!D6,"-") -> ↑PL:126- | R20: .
E21: (…)
C22: @ | D22: 177 | F22: . | G22: Lem S. | H22: , | I22: Dialogues / Translated by Peter Butko | J22: . – | K22: Cambridge, London: The MIT Press | L22: , | M22: 2021, 358 pp. | N22: = | O22: =CONCATENATE("↑",PL!A1,PL!D19) -> ↑PL:361 | R22: .
D23: ~~~ | I23: Contents:
D24: ~~~ | E24: 1 | F24: . | I24: Preface to the Second Edition | L24: , | M24: pp.vii-ix.
D25: ~~~ | E25: 2 | F25: . | I25: Dialogues | L25: , | M25: pp.1-190.
D26: ~~~~~~ | E26: 2.1 | F26: . | I26: I | L26: , | M26: pp.3-20.
D27: ~~~~~~ | E27: 2.2 | F27: . | I27: II | L27: , | M27: pp.21-29.
D28: ~~~~~~ | E28: 2.3 | F28: . | I28: III | L28: , | M28: pp.31-46.
D29: ~~~~~~ | E29: 2.4 | F29: . | I29: IV | L29: , | M29: pp.47-62.
D30: ~~~~~~ | E30: 2.5 | F30: . | I30: V | L30: , | M30: pp.63-97.
D31: ~~~~~~ | E31: 2.6 | F31: . | I31: VI | L31: , | M31: pp.99-114.
D32: ~~~~~~ | E32: 2.7 | F32: . | I32: VII | L32: , | M32: pp.115-162.
D33: ~~~~~~ | E33: 2.8 | F33: . | I33: VIII | L33: , | M33: pp.163-190.
D34: ~~~ | E34: 3 | F34: . | I34: Supplement 1: The Dialogues Sixteen Years Later | L34: , | M34: pp.191-237.
D35: ~~~~~~ | E35: 3.1 | F35: . | I35: Lost Illusions, or From Intellectronics to Informatics | L35: , | M35: pp.193-217.
... D39: ~~~~~~ | E39: 4.2 | F39: . | I39: Biology and Values | L39: , | M39: pp.283-334.
D40: ~~~ | I40: Translator's Notes | L40: , | M40: pp.335-348.

Sheet SK
A1: SK: | C1: @ | D1: z | E1: numb | F1: . | G1: „…“ | H1: , | I1: SK | J1: . – | K1: wydawca | L1: , | M1: rok, nr, s. □⌂¤ | N1: = | O1: ↓↑ | P1: ; | Q1: ↓↑tłumaczenia | R1: . | S1: rodzaj
B2: * | D2: ~~~~~~ | I2: Język Słowacki; Slovenský jazyk; Slovak (SK)
D3: (…)
C4: @ | D4: 9 | F4: . | G4: Lem S. | H4: , | I4: Dialógy / Preložil: Peter Butko; Editor a jazyková redakcia: Pavel Matejovič | J4: . – | K4: Internet (Nun.sk) = Fórum pre vedu a umenie (Pezinok) | L4: , | M4: 2016, Elektronický prameň. http://www.nun.sk/Dialogy.htm
D5: ~~~ | E5: 1 | F5: . | I5: Predslov k druhému vydaniu | L5: . | N5: = | O5: =CONCATENATE("↑",PL!A1,PL!D19,".",PL!E21) -> ↑PL:361.1 | R5: .
D6: ~~~ | E6: 2 | F6: . | I6: Dialógy I-VII | L6: . | N6: = | O6: =CONCATENATE("↑",PL!A1,PL!D6,".",PL!E8,"÷",PL!E14) -> ↑PL:126.1÷7 | R6: .

Sheet CS
A1: CS: | B1: 1 | C1: @ | D1: . | E1: numb | F1: . | G1: „…“ | H1: , | I1: CS | J1: . – | K1: wydawca | L1: , | M1: rok, nr, s.□⌂¤ | N1: = | O1: =CONCATENATE("↑",) -> ↑ | P1: ; | Q1: =CONCATENATE("↓",,", ",) -> ↓, | R1: .
B2: * | D2: ~~~~~~ | I2: Język Czeski; Český jazyk; Czech (CS)
D3: (…)
C4: @ | D4: 22 | F4: . | G4: Weigel Pavel | H4: , | I4: Stanisław Lem: Životopis | J4: . – | K4: Praha: Magnet-Press | L4: , | M4: 1995, 112 s.⌂ V obsahu / Přeložil Pavel Weigel:
E5: (…)
D6: ~~~ | E6: 2 | F6: . | G6: Lem S. | H6: , | I6: Dialogy (název a názvy článků) | L6: , | M6: s.13,64-65. | N6: = | O6: =CONCATENATE("↑",PL!A1,PL!D6,"-") -> ↑PL:126- | R6: .
E7: (…)

Sheet RO
A1: RO: | C1: @ | D1: z | E1: numb | F1: . | G1: „…” | H1: , | I1: RO | J1: . – | K1: wydawca | L1: , | M1: rok, nr, s. □⌂¤ | N1: = | O1: ↓↑ | P1: ; | Q1: ↓↑tłumaczenia | R1: . | S1: rodzaj
B2: * | D2: ~~~~~~ | I2: Język Rumuński; Limba română; Romanian (RO)
D3: (…)
C4: @ | D4: 3 | F4: . | G4: Mitu Mihai | H4: , | I4: Un maestru al literaturii ştiinţifico-fantastice şi un mare umanist: Stanislaw Lem / În: Lem S., Ciberiada | J4: . – | K4: Bucureşti: Nemira | L4: , | M4: 1994, p.427-437. | N4: = | Q4: =CONCATENATE("↓",D8,", ",D9) -> ↓5, 7 | R4: .
D5: ~~~ | I5: În text:
D6: ~~~ | E6: 1 | F6: . | G6: Lem S. | H6: , | I6: Dialoguri (titlu 1 ed.) | L6: , | M6: p.432. | N6: = | O6: =CONCATENATE("↑",PL!A1,PL!D6,"-") -> ↑PL:126- | R6: .
E7: (…)
C8: @ | D8: 5 | F8: . | G8: Lem S. | H8: , | I8: Dialoguri (titlu 1 ed.); „O lume a basmului…“ (din interviul) / În: Mitu Mihai, Un maestru al literaturii ştiinţifico-fantastice şi un mare umanist: Stanislaw Lem // În: Mitu Mihai, Romano-Polonica: studii de istorie culturală | J8: . – | K8: Bucureşti: Editura Universităţii din Bucureşti | L8: , | M8: 2007, p.206,207. | N8: = | O8: =CONCATENATE("↑",D4) -> ↑3 | R8: .
C9: @ | D9: 7 | F9: . | G9: Lem S. | H9: , | I9: Dialoguri (titlu 1 ed.); „O lume a basmului…“ (din interviul) / În: Mitu Mihai, Un maestru al literaturii ştiinţifico-fantastice şi un mare umanist: Stanislaw Lem // În: Lem S., Ciberiada | J9: . – | K9: Bucureşti: Agora | L9: , | M9: 2013, p.290-291. | N9: = | O9: =CONCATENATE("↑",D4) -> ↑3 | R9: .

Sheet NL
A1: NL: | C1: @ | D1: z | E1: numb | F1: . | G1: “…” | H1: , | I1: FI | J1: . – | K1: wydawca | L1: , | M1: rok, nr, s. □⌂¤ | N1: = | O1: ↓↑ | P1: ; | Q1: ↓↑tłumaczenia | R1: . | S1: rodzaj
B2: * | D2: ~~~~~~ | I2: Język Niderlandzki; Nederlands; Dutch (NL)
B3: a+ | C3: @ | D3: 1 | F3: . | G3: Lem Stanislaw | H3: , | I3: Citaten uit ‘Dialogi’ / Teus de Jong, De schepping van Stanislaw Lem | J3: . – | K3: De Revisor (Amsterdam) | L3: , | M3: 1983, nr 5, p.31-42. | N3: = | O3: =CONCATENATE("↑",DE!A1,DE!D4,"-") -> ↑DE:176- | R3: .

Sheet BE
A1: BE: | C1: @ | D1: . | E1: numb | F1: . | G1: «» | H1: , | I1: BE | J1: . – | K1: wydawca | L1: , | M1: rok, nr, s. | N1: = | O1: ↓↑ | P1: ; | Q1: ↓↑tł | R1: . | S1: pierwodruk
B2: * | D2: ~~~~~~ | I2: Język Białoruski; Беларуская мова; Belarusian (BE)
D3: (…)
C4: @ | D4: 11 | F4: . | I4: Свет Станiслава Лема: цытаты, афарызмы / Укладальнiк Вiктар Язневiч; пераклад с польскай | J4: . – | K4: Мiнск: Галiяфы | L4: , | M4: 2022, 248 с. Змест:
E5: (…)
D6: ~~~~~~ | E6: 2.5 | F6: . | I6: Дыялогi / Dialogi | J6: / | K6: Пераклаў В. Язневiч | L6: , | M6: с.50-52. | N6: = | O6: =CONCATENATE("↑",[1]PL!A1,[1]PL!D742,"-") -> ↑PL:361- | R6: .
E7: (…)

Sheet MK
A1: MK: | C1: @ | D1: z | E1: numb | F1: . | G1: Lem | H1: , | I1: MK | J1: . – | K1: wydawca | L1: , | M1: rok, nr, s. □⌂¤ | N1: = | O1: ↓↑ | P1: ; | Q1: ↓↑tłumaczenia | R1: .
B2: * | D2: ~~~~~~ | I2: Język Macedoński; Македонски јазик; Macedonian (MK)
D3: (…)
C4: @ | D4: 3 | F4: . | I4: Светот на Станислав Лем [Цитати од Станислав Лем à la афоризми] / Одбрал и составил Виктор Jазневич; Превод: Милица Миркуловска | J4: . – | K4: Скопjе: Антолог | L4: , | M4: 2021, 288 с.
E5: (…)
D6: ~~~~~~ | E6: 2.5 | F6: . | I6: Дијалози (Dialogi) | L6: , | M6: с.54-56. | N6: = | O6: =CONCATENATE("↑",PL!A1,PL!D19,"-") -> ↑PL:361- | R6: .
E7: (…)

Sheet LO
A1: L | B1: PL: Po polsku | C1: @ | D1: . | E1: numb | F1: . | G1: „” | H1: / | I1: tytul | J1: . – | K1: wydawca | L1: , | M1: rok, nr, s. □⌂¤ | N1: = | O1: ↓↑ | P1: ; | Q1: ↓↑tłumaczenia | R1: . | V1: rodzaj | W1: k1 | X1: k2 | Y1: k3 | Z1: k4 | AA1: k5 | AB1: k6 | AC1: k7
G2: Część IV. Listy Otwarte i Apele, podpisane Stanisławem Lemem
C3: @ | D3: 1 | F3: . | G3: List do Zarządu Głównego Związku Literatów Polskich w obronie Pawła Jasienicy, Stefana Kisielewskiego i Januarego Grzędzińskiego | H3: / | I3: List na początek kwietnia 1968 r. podpisało ponad trzydziestu literatów, m. in.: Szczepański J.J. i Stanisław Lem. Publikacje o Liście:
D4: ~~~ | E4: 1 | F4: . | G4: Kwiek Julian | H4: , | I4: Marzec 1968 w Krakowie | J4: . – | K4: K.: Księgarnia Akademicka | L4: , | M4: 2008, s,232.
D5: ~~~ | E5: 2 | F5: . | G5: Rokicki Konrad | H5: , | I5: Literaci. Relacje między literatami a władzami PRL w latach 1956-1970 | J5: . – | K5: W.: Instytut Pamięci Narodowej | L5: , | M5: 2011, s.453.
D6: ~~~ | E6: 3 | F6: . | G6: Szczepański Jan Józef | H6: , | I6: Dziennik, tom III | J6: . – | K6: K.: Wydawnictwo Literackie | L6: , | M6: 2013, s.337-338.
B7: L1 + | C7: @ | D7: 2 | F7: . | G7: List o zmianie w Konstytucji – „List 23”. Nie opublikowany. Najprawdopodobniej nie wysłany do adresata. Podpisany 6-8 lutego 1976 r. Wsród podpisantów – Stanisław Lem. Tekst najprawdopodobniej taki sam jak w „Liście 101” poniżej:
D8: ~~~ | G8: Do Komisji Nadzwyczajnej Sejmu PRL dla przygotowania Ustawy o Zmianie Konstytucji Polskiej Rzeczypospolitej Ludowej (Warszawa, 31 stycznia 1976) [Memorial 101] | J8: . – | K8: Kultura (Paris) | L8: , | M8: 1976, nr 3, s.28-30.
C9: @ | D9: =D7+1 -> 3 | F9: . | G9: List w sprawie braci Jerzego i Ryszarda Kowalczyków [Do Przewodniczącego Rady Państwa PRL, obywatela Henryka Jabłońskiego, 13.05.1981]. Publikacje:
B10: L2 + | D10: ~~~ | E10: 1 | F10: . | G10: List w obronie braci Kowalczyków | H10: / | I10: Podpisali: Szczepański J.J., Szymborska W., Filipowicz K., Aleksandrowicz J., Lem St., Szacki J., Gieysstor K., Stanocz B., Szaniawski K., Zachnatowicz K., Olbrychski D., Dejmek K | J10: . – | K10: Agencja prasowa NSZZ Solidarność. Biuletyn pism związkowych i zakładowych (W.) | L10: , | M10: 1981, nr AS17 (19-20 V), s.305. | S10: 19-26.05.1981 | T10: 1981, 13.05 | U10: nr AS17 | V10: W sprawie braci Jerzego i Ryszarda Kowalczyków
B11: L2 + | D11: ~~~ | E11: 2 | F11: . | G11: List w obronie braci Kowalczyków | H11: / | I11: Podpisali: Te same jak wyżej | J11: . – | K11: Biuletyn informacyjny NSZZ Solidarność. Region Środkowo-Wschodni (Lublin) | L11: , | M11: 1981, nr 30 (1 VI), s.4.
B12: L2 + | D12: ~~~ | E12: 3 | F12: . | G12: List w obronie braci Kowalczyków | H12: / | I12: Podpisali: Te same jak wyżej | J12: . – | K12: Gdański Komitet Obrony Więzionych za Przekonania (Gdańsk) | L12: , | M12: 1981, nr 12 A (3 VI), s.1-2.
B13: L2 + | D13: ~~~ | E13: 4 | F13: . | G13: List w obronie braci Kowalczyków | H13: / | I13: Podpisali: Te same jak wyżej | J13: . – | K13: Informator NSZZ Solidarność Politechniki Śląskiej (Gliwice) | L13: , | M13: 1981, nr 29/41 (4 VI), s.7-8. | S13: od 04.VI.1981 r. | T13: 1981, 13.05 | U13: Internet, Keller - kopia z podpisami | V13: W sprawie braci Jerzego i Ryszarda Kowalczyków | W13: Przedruk z AS17
B14: L2 + | D14: ~~~ | E14: 5 | F14: . | G14: List w obronie braci Kowalczyków | H14: / | I14: Podpisali: Te same jak wyżej | J14: . – | K14: Biuletyn informacyjny NSZZ Solidarność Ziemi Puławskiej (Puławy) | L14: , | M14: 1981, nr 33/41 (10 VI), s.13-14. | S14: od 10 czerwca 1981 r. | T14: 1981, 13.05 | U14: Internet, Keller - kopia z podpisami | V14: W sprawie braci Jerzego i Ryszarda Kowalczyków | W14: Przedruk z AS17
B15: L2 + | D15: ~~~ | E15: 6 | F15: . | G15: List w obronie braci Kowalczyków | H15: / | I15: Podpisali: Te same jak wyżej / W: Keller Lech, Przyczynek do biografii Stanisława Lema // Acta Lemiana Monashiensis: Special Stanislas Lem Edition of Acta Polonica Monashiensis | J15: . – | K15: Acta Polonica Monashiensis (Melbourne, Australia) | L15: , | M15: 2020, vol.3, nr 2, p.190.
C16: @ | D16: =D9+1 -> 4 | F16: . | G16: List w obronę Jana Józefa Szczepańskiego. Publikacja:
B17: L | D17: ~~~ | G17: Ein offener Brief zur Verteidigung von Jan Józef Szczepański | H17: / | I17: Podpisali: Władysław Bartoszewski, Stanisław Lem | J17: . – | K17: Der Tagesspiegel (Berlin) | L17: , | M17: 1983, ?. | N17: = | O17: =CONCATENATE(DE!A1,DE!#REF!) -> #REF! | R17: .
C18: @ | D18: =D16+1 -> 5 | F18: . | G18: List o reaktywowaniu polskiej sekcji PEN-Clubu. Publikacja:
B19: L | D19: ~~~ | G19: Apel do przewodniczącego Rady Państwa gen. Wojciecha Jaruzelskiego i do marszałka Sejmu Romana Malinowskiego domagając się reaktywowania polskiej sekcji PEN-Clubu | H19: / | I19: List podpisali ponad 150 członków Pen Clubu. Wśród sygnatariuszy są m.in. Bronisław Geremek, Stefan Kisielewski, Stanisław Lem, Tadeusz Mazowiecki, Jan Józef Szczepański, Andrzej Kuśniewicz, Julian Stryjkowski, Władysław Terlecki | J19: . – | K19: Biuletyn PEN-Clubu (W.) | L19: , | M19: 1988, nr 25.05.1988. (http://www.encysol.pl/wiki/TL-1988/05) | S19: http://www.encysol.pl/wiki/TL-1988/05
C20: @ | D20: =D18+1 -> 6 | F20: . | G20: List o wolnych wyborach [Oświadczenie o prawie każdego obywatela, zgłoszonego przez wspierający go elektorat, do kandydowania w wyborach do Sejmu]. Publikacje:
B21: L + | D21: ~~~ | E21: 1 | F21: . | G21: O wolne wybory | H21: / | I21: Podpisali 100 sygnatariuszy, przedstawicieli świata nauki i kultury (Gdańsk, Gliwice, Kraków, Lublin, Łódź, Poznań, Wrocław, Warszawa), m.in.: G. Białkowski, J. Bocheński, E. Bryll, A. Drawicz, Cz. Hernas, M. Iłowiecki, M. Janion, T. Konwicki, S. Lem, J.J. Lipski, A. Łapicki, J. Maziarski, A. Międzyrzecki, B. Skarga, J. Sławiński, J.J. Szczepański, A. Szczepkowski, A. Szczypiorski, J. Turowicz, A. Wajda, K. Zachwatowicz, J. Żuławski | J21: . – | K21: KOS, Komitet Oporu Społecznego (W.) | L21: , | M21: 1989, nr 2, s.2. | S21: – O wolne wybory… KOS 1989 nr 2(152): 15 I s. 2 [oświadczenie o prawie każdego obywatela, zgłoszonego przez wspierający go elektorat, do kandydowania w wyborach do Sejmu; dat.: Gd., Gliwice, Kr., Lubl., Łódź, Pozn., Wr., Wwa, jesień 1988; podp. 100 sygnatariuszy, przedstawicieli świata nauki i kultury, m.in.: G. Białkowski, J. Bocheński, E. Bryll, A. Drawicz, Cz. Hernas, M. Iłowiecki, M. Janion, T. Konwicki, S. Lem, J.J. Lipski, A. Łapicki, J. Maziarski, A. Międzyrzecki, B. Skarga, J. Sławiński, J.J. Szczepański, A. Szczepkowski, A. Szczypiorski, J. Turowicz, A. Wajda, K. Zachwatowicz, J. Żuławski; oświadczenie przekazano 30 XII 1988 na ręce Rzecznika Praw Obywatelskich i pozostaje ono otwarte do podpisu dla zainteresowanych osób]; [not. inf.:] Sejm dla każdego. Tyg. Maz. Solid. 1989 nr 276: 4 I s. 3
B22: L + | D22: ~~~ | E22: 2 | F22: . | G22: Sejm dla każdego | H22: / | I22: Podpisali: Tischner Józef, Turowicz Jerzy, Findeisen Władysław, Gieysztor Aleksander, Kielanowski Jan, Bryll Ernest, Lem Stanisław, Szczypiorski Andrzej, Lutosławski Witold, Łapicki Andrzej, Szczepkowski Andrzej, Wajda Andrzej, Bujak Adam, Mleczko Andrzej, Zawada Andrzej, Remuszko Stanisław i inni | J22: . – | K22: Tygodnik Mazowsze Solidarność (W.) | L22: , | M22: 1989 nr 276 (4 I), s.3. | T22: Gajewska-s.577. | U22: [12] O wolne wybory, „KOS” [Komitet Oporu Społecznego „Solidarność”], nr 2 (152) z 15 stycznia 1989, s. 2. Dziękuję Michałowi Paziewskiemu za zwrócenie mi uwagi na ten dokument.
C23: @ | D23: =D20+1 -> 7 | F23: . | G23: List-protest przeciw masakrze w Chinach [Apel solidarnościowy popierający dążenia demokratyczne narodu chińskiego, wzywający rządy świata i międzynarodową opinię publiczną do podjęcia działań skłaniających władze ChRL do zaprzestania masakry ludności]. Publikacje:
B24: L + | D24: ~~~ | E24: 1 | F24: . | G24: Zaprzestać masakry! | H24: / | I24: Podpisali: Białkowski Grzegorz; Bober Andrzej; Bocheński Jacek; Bogusławski Stefan; Ciesielski Roman; Czabański Krzysztof; Drawicz Andrzej; Findeisen Władysław; Geremek Bronisław; Hall Aleksander; Hartwig Julia; Hniedziewicz Przemysław; Koj Aleksander; Konwicki Tadeusz; Kozłowski Krzysztof; Krawczyk Radał; Kunicki-Goldfinger Władysław; Lem Stanisław; Lipski Jan Józef; Lutosławski Witold; Mazowiecki Tadeusz; Michnik Adam; Międzyrzecki Artur; Olszewski Jan; Radziwiłł Konstanty; Remuszko Stanisław; Ryszkiewicz Marcin; Siła-Nowicki Władysław; Skalski Ernest; Starczewska Krystyna; Starzyński Wojciech; Surdykowski Jerzy; Szczepański Jan Józef; Szumowski Maciej; Tischner Józef; Wajda Andrzej; Zachwatowicz Krystyna; Zbrożyna Barbara; Ziółkowski Janusz; Żuławski Juliusz | J24: . – | K24: Gazeta Wyborcza (W.) | L24: , | M24: 1989, nr 22 (07.06.1989), s.2. | T24: [Protest p-ciw masakrze w Chiny podpisali: Białkowski Grzegorz; Bober Andrzej; Bocheński Jacek; Bogusławski Stefan; Ciesielski Roman; Czabański Krzysztof; Drawicz Andrzej; Findeisen Władysław; Geremek Bronisław; Hall Aleksander; Hartwig Julia; Hniedziewicz Przemysław; Koj Aleksander; Konwicki Tadeusz; Kozłowski Krzysztof; Krawczyk Radał; Kunicki-Goldfinger Władysław; Lem Stanisław; Lipski Jan Józef; Lutosławski Witold; Mazowiecki Tadeusz; Michnik Adam; Międzyrzecki Artur; Olszewski Jan; Radziwiłł Konstanty; Remuszko Stanisław; Ryszkiewicz Marcin; Siła-Nowicki Władysław; Skalski Ernest; Starczewska Krystyna; Starzyński Wojciech; Surdykowski Jerzy; Szczepański Jan Józef; Szumowski Maciej; Tischner Józef; Wajda Andrzej; Zachwatowicz Krystyna; Zbrożyna Barbara; Ziółkowski Janusz; Żuławski Juliusz] | U24: OCR nr 0 dodatek do OCR, dodatek do Gazety Wyborczej nr 21, wydanie z dnia 06/06/1989, str. 2 | V24: Gazeta Wyborcza nr 22, wydanie z dnia 07/06/1989, str. 2 | AA24: WJ_21
B25: Lx + | D25: ~~~ | E25: 2 | F25: . | G25: Zaprzestać masakry! | H25: / | I25: Podpisali m.in.: G. Białkowski, J. Bocheński, A. Drawicz, J. Hartwig, T. Konwicki, S. Lem, J.J. Lipski, A. Michnik, T. Mazowiecki, A. Międzyrzecki, J. Surdykowski, J.J. Szczepański, A. Wajda, K. Zachwatowicz, J. Żuławski | J25: . – | K25: KOS, Komitet Oporu Społecznego (W.) | L25: , | M25: 1989, nr 12 (11 VI), s.1. | S25: 1989: Zaprzestać masakry! KOS 1989 nr 12(162): 11 VI s. 1 [apel solidarnościowy popierający dążenia demokratyczne nar. chińskiego, wzywający rządy świata i międzynar. opinię publiczną do podjęcia działań skłaniających władze ChRL do zaprzestania masakry ludności; podp. m.in.: G. Białkowski, J. Bocheński, A. Drawicz, J. Hartwig, T. Konwicki, S. Lem, J.J. Lipski, A. Michnik, T. Mazowiecki, A. Międzyrzecki, J. Surdykowski, J.J. Szczepański, A. Wajda, K. Zachwatowicz, J. Żuławski]. | T25: Gajewska-s.579. | U25: [18] Zaprzestać masakry!, „KOS” z 11 czerwca 1989, s. 1. Dziękuję Michałowi Paziewskiemu za zwrócenie mi uwagi na ten artykuł.
D26: (…)

Sheet My
A1: R | B1: PL: Po polsku | C1: @ | D1: . | E1: numb | F1: . | G1: „” | H1: , | I1: tytul | J1: . – | K1: wydawca | L1: , | M1: rok, nr, s. □⌂¤ | N1: = | O1: ↓↑ | P1: ; | Q1: ↓↑tłumaczenia | R1: . | S1: rodzaj | T1: k1 | U1: k2 | V1: k3 | W1: k4 | X1: k5 | Y1: k6 | Z1: k7
D2: ~~~~~~ | G2: Część III. Rękopisy
C3: @ | D3: 1 | F3: . | G3: Lem S. | H3: , | I3: Ogólna teoria funkcji mózgu | J3: . – | K3: Maszynopis | L3: , | M3: 1940-1945. W prywatnym Archiwum Stanisława Lema. | S3: esej naukowy | T3: mózg | AA3: Lem S.
C4: @ | D4: =D3+1 -> 2 | F4: . | G4: Lem S. | H4: , | I4: REFERAT w sprawie ulepszeń technicznych, oraz nowych konstrukcji na polu przemysłu zbrojeniowego | J4: . – | K4: Maszynopis | L4: , | M4: 1944 (17.10). Centralny Archiwum Ministerstwa Obrony Rosyjskiej Federacji, fundusz 38, spis 11350, sprawa 1039 (ЦАМО РФ, фонд 38, опись 11350, дело 1039). | R4: . | S4: referat | AA4: Lem S.
C5: @ | D5: =D4+1 -> 3 | F5: . | G5: Lem S. | H5: , | I5: Historia jednego pomysłu [Dzieje pewnego pomysłu] | J5: . – | K5: Maszynopis | L5: , | M5: 1978. W prywatnym Archiwum Stanisława Lema. | R5: . | AA5: Lem S.
C6: @ | D6: =D5+1 -> 4 | F6: . | G6: Lem S. | H6: , | I6: Baśniowy świat „Cyberiady” Stanisława Lema | J6: . – | K6: Maszynopis | L6: , | M6: 1985. W prywatnym Archiwum Stanisława Lema | S6: s.229-230 książki Tomasza Lema | AA6: Lem S.
C7: @ | D7: =D6+1 -> 5 | F7: . | G7: P.Znawca [Lem S.] | H7: , | I7: Rozdroże | J7: . – | K7: Maszynopis | L7: , | M7: 1988. Warszawa (Paris): Biblioteka Narodowa / Archiwum IL Kultura / ILK MO 1988/0127 / 19 k. / Lista nr 1 z 1988 r. / W: Materiały odrzucone. | R7: . | AA7: P.Znawca [Lem S.]
C8: @ | D8: 5a | F8: . | G8: Lem S. | H8: , | I8: Wspomnienia podyktowane żonie | J8: . – | K8: Maszynopis | L8: , | M8: 1990. W prywatnym Archiwum Stanisława Lema | R8: .
C9: @ | D9: 5b | F9: . | G9: Lem S. | H9: , | I9: Oświadczenie z 28.11.1990 (z Aneksem z 7.12.1990 oraz dodatkiem do Aneksu) | J9: . – | K9: Maszynopis | L9: , | M9: 1990. W prywatnym Archiwum Stanisława Lema | R9: .
C10: @ | D10: 5c | F10: . | G10: Lem S. | H10: , | I10: Różne dokumenty | J10: . – | K10: Maszynopis | L10: , | M10: 1990. W prywatnym Archiwum Stanisława Lema | R10: .
C11: @ | D11: =D7+1 -> 6 | F11: . | I11: Lem 1991. Wywiad ze Stanisławem Lemem / Przeprowadziła Elżbieta Binswanger-Stefańska | J11: . – | K11: Maszynopis | L11: , | M11: 1991. Warszawa (Paris): Biblioteka Narodowa / Archiwum IL Kultura / ILK MO 1992.2/0048 / 10 k. / Lista nr 2 z 1992 r. / W: Materiały odrzucone. | R11: . | AA11: Binswanger-Stefańska Elżbieta
C12: @ | D12: =D11+1 -> 7 | F12: . | G12: Lem S. | H12: , | I12: Listy do Redakcji [Kultury Paryskiej] od Stanisława Lema / 16 listów do Redakcji; Kraków, Wiedeń: 1957, 1983-1984, 1986-1988, 1992, 1997, 2000. Niektóre z listów z lat 1983-1988 podpisane pseudonimem P.Znawca | J12: . – | K12: Maszynopis | L12: , | M12: 2000. Warszawa (Paris): Biblioteka Narodowa / Archiwum IL Kultura / ILK KOR RED Lem / 36 k. / W: Korespondencja Redakcji – teka 412; Korespondencja Krajowa; Korespondencja Poufna. | AA12: Lem S.
C13: @ | D13: =D12+1 -> 8 | F13: . | G13: Lem S. | H13: , | I13: Aide mémoire – List w sprawach zawodowych skierowany do Ministerstwa Kultury i Sztuki, 18.10.1978. I inne dokumenty | J13: . – | K13: Maszynopis | L13: , | M13: 2000. Warszawa: Archiwum Akt Nowych / AAN, PZPR, Komitet centralny w Warszawie. Wydział Kultury, sygn. LVI-1192. | S13: https://www.aan.gov.pl/lem/?fbclid=IwAR12pMkgSzrmufmbW5DFtldxKHS4h7e0PHp0PPqSsZRxbzcBZ4txWvPjLSo#page/16
C14: @ | D14: =D13+1 -> 9 | F14: . | G14: Hussarski R., Lem S. | H14: , | I14: „Jacht Paradise” (60 s.) | J14: . – | K14: Maszynopis | L14: , | M14: 2000. Archiwum Państwowe w Kielcach. Państwowy Teatr im. Stefana Żeromskiego w Kielcach. Scenariusze sztuk niegranych. Sygn.21/365/0/-/552. | S14: https://szukajwarchiwach.pl/21/365/0/-/552?q=lem&wynik=15&rpp=15&page=1#tabJednostka
C15: @ | D15: =D14+1 -> 10 | F15: . | G15: Lem S. | H15: , | I15: Utwory niedrukowane : wiersze: „Miłość”, „Owady”, „Prezentacja” (12 s.) | J15: . – | K15: Maszynopis | L15: , | M15: 2000. Archiwum Narodowe w Krakowie. Redakcja miesięcznika "Twórczość" w Krakowie. Series [3], Units [375], Sygn.29/821/0/2/135. | S15: https://szukajwarchiwach.pl/29/821/0/2/135?q=Stanisław+Lem&wynik=13&rpp=15&page=1#tabJednostka
C16: @ | D16: =D15+1 -> 11 | F16: . | G16: Lem S. | H16: , | I16: Komentarz autora / W: Serwis poświęcony twórczości Stanisława Lema // Ułożył Wojciech Zemek | J16: . – | K16: Internet (Lem.pl) | L16: , | M16: 2005-2013, www.lem.pl . Zawiera (12.06.2020):
D17: ~~~ | I17: Beletrystyka | L17: , | M17: https://solaris.lem.pl/ksiazki/beletrystyka
D18: ~~~~~~ | E18: 1 | F18: . | I18: Astronauci | R18: . | S18: https://solaris.lem.pl/ksiazki/beletrystyka/astronauci/53-komentarz-astronauci
D19: ~~~~~~ | E19: 2 | F19: . | I19: Cyberiada | R19: . | S19: https://solaris.lem.pl/ksiazki/beletrystyka/cyberiada/59-komentarz-cyberiada
D20: ~~~~~~ | E20: 3 | F20: . | I20: Człowiek z Marsa | R20: . | S20: https://solaris.lem.pl/ksiazki/beletrystyka/czlowiek-z-marsa/62-komentarz-czlowiek-z-marsa
D21: ~~~~~~ | E21: 4 | F21: . | I21: Dzienniki gwiazdowe | S21: https://solaris.lem.pl/ksiazki/beletrystyka/dzienniki-gwiazdowe/65-komentarz-dzienniki-gwiazdowe
D22: ~~~~~~ | E22: 5 | F22: . | I22: Eden | R22: . | S22: https://solaris.lem.pl/ksiazki/beletrystyka/eden
D23: ~~~~~~ | E23: 6 | F23: . | I23: Fiasko | R23: . | S23: https://solaris.lem.pl/ksiazki/beletrystyka/fiasko/71-komentarz-fiasko
D24: ~~~~~~ | E24: 7 | F24: . | I24: Głos Pana | R24: . | S24: https://solaris.lem.pl/ksiazki/beletrystyka/glos-pana/80-komentarz-glos
D25: ~~~~~~ | E25: 8 | F25: . | I25: Katar | R25: . | S25: https://solaris.lem.pl/ksiazki/beletrystyka/katar/85-komentarz-katar
D26: ~~~~~~ | E26: 9 | F26: . | I26: Kongres futurologiczny | R26: . | S26: https://solaris.lem.pl/ksiazki/beletrystyka/kongres-futurologiczny/91-komentarz-kongres-futurologiczny
D27: ~~~~~~ | E27: 10 | F27: . | I27: Niezwyciężony | R27: . | S27: https://solaris.lem.pl/ksiazki/beletrystyka/niezwyciezony
D28: ~~~~~~ | E28: 11 | F28: . | I28: Obłok Magellana | R28: . | S28: https://solaris.lem.pl/ksiazki/beletrystyka/oblok-magellana
D29: ~~~~~~ | E29: 12 | F29: . | I29: Opowieści o pilocie Pirxie | R29: . | S29: https://solaris.lem.pl/ksiazki/beletrystyka/pirx
D30: ~~~~~~ | E30: 13 | F30: . | I30: Pamiętnik znaleziony w wannie | R30: . | S30: https://solaris.lem.pl/ksiazki/beletrystyka/pamietnik/100-komentarz-pamietnik-znaleziony-w-wannie
D31: ~~~~~~ | E31: 14 | F31: . | I31: Pokój na Ziemi | R31: . | S31: https://solaris.lem.pl/ksiazki/beletrystyka/pokoj-na-ziemi/115-komentarz-pokoj-na-ziemi
D32: ~~~~~~ | E32: 15 | F32: . | I32: Powrót z gwiazd | R32: . | S32: https://solaris.lem.pl/ksiazki/beletrystyka/powrot-z-gwiazd
D33: ~~~~~~ | E33: 16 | F33: . | I33: Przekładaniec | R33: . | S33: https://solaris.lem.pl/ksiazki/beletrystyka/przekladaniec
... D39: ~~~~~~ | E39: 22 | F39: . | I39: Zagadka | R39: . | S39: https://solaris.lem.pl/ksiazki/beletrystyka/zagadka
D40: ~~~ | I40: Apokryfy | L40: , | M40: https://solaris.lem.pl/ksiazki/apokryfy
D41: ~~~~~~ | E41: 23 | F41: . | I41: Biblioteka XXI wieku | R41: . | S41: https://solaris.lem.pl/ksiazki/apokryfy/biblioteka21wieku/151-komentarz-apokryfy
D42: ~~~~~~ | E42: 24 | F42: . | I42: Golem XIV | R42: . | S42: https://solaris.lem.pl/ksiazki/apokryfy/golem14/155-komentarz-golem14
D43: ~~~ | I43: Eseje | L43: , | M43: https://solaris.lem.pl/ksiazki/eseje
D44: ~~~~~~ | E44: 25 | F44: . | I44: Dialogi | R44: . | S44: https://solaris.lem.pl/ksiazki/eseje/dialogi/159-komentarz-dialogi
D45: ~~~~~~ | E45: 26 | F45: . | I45: Fantastyka i futurologia | R45: . | S45: https://solaris.lem.pl/ksiazki/eseje/fantastyka-i-futurologia/163-komentarz-fantastyka-i-futurologia
D46: ~~~~~~ | E46: 27 | F46: . | I46: Filozofia przypadku | R46: . | S46: https://solaris.lem.pl/ksiazki/eseje/filozofia-przypadku/167-komentarz-filozofia-przypadku
D47: ~~~~~~ | E47: 28 | F47: . | I47: Summa Technologiae | S47: https://solaris.lem.pl/ksiazki/eseje/summa-technologiae/183-komentarz-summa-technologiae
C48: @ | D48: 11a | F48: . | G48: Lem S. | H48: , | I48: FAQ | J48: . – | K48: Internet (Lem.pl) | L48: , | M48: 2006, https://solaris.lem.pl/faq
C49: @ | D49: =D16+1 -> 12 | F49: . | G49: Lem S. | H49: , | I49: Konferencja z Lemem | J49: . – | K49: Internet (Lem.pl) | L49: , | M49: 2006, www.lem.pl | R49: . | AA49: Lem S.
C50: @ | D50: =D49+1 -> 13 | F50: . | G50: Lem S. | H50: , | I50: Listy do Waleriana Lachnitta. 1952-1953 (9 szt.) | J50: . – | K50: Maszynopis | L50: , | M50: 2008. Szczecin: Książnica Pomorska / Dział zbiorów specjalnych | R50: .
C51: @ | D51: =D50+1 -> 14 | F51: . | G51: Lem S. | H51: , | I51: Listy do Władysława Kapuścińskiego. 1964-1978 | J51: . – | K51: Maszynopis | L51: , | M51: 2008. Muzeum Literatury w Warszawie / Depozyt / Nr ewidencyjny 3740. | R51: . | AA51: Lem S.
C52: @ | D52: =D51+1 -> 15 | F52: . | G52: Lem S. | H52: , | I52: Listy do Leszka Kołakowskiego 1965-1966 (4 szt.) | J52: . – | K52: Maszynopis | L52: , | M52: 2009. Warszawa: Biblioteka Narodowa / Archiwum Leszka Kołakowskiego / Sygnatura 13443 III / Korespondencja Leszka Kołakowskiego. Tom XCIX (Lear-Lesz). | R52: .
C53: @ | D53: =D52+1 -> 16 | F53: . | G53: Lem S. | H53: , | I53: Listy do Jana Józefa Szczepańskiego | J53: . – | K53: Maszynopis | L53: , | M53: 2009. Warszawa: Biblioteka Narodowa / Archiwum Jana Józefa Szczepańskiego / Magazyn Rękopisów, Rps akc. 22316, Tom 1. | R53: .
C54: @ | D54: =D53+1 -> 17 | F54: . | G54: Lem S. | H54: , | I54: Listy do Zbigniewa Herberta | J54: . – | K54: Maszynopis | L54: , | M54: 2009. Warszawa: Biblioteka Narodowa / Dział Rękopisów / Akc. 18005, tom 41. | R54: .
C55: @ | D55: =D54+1 -> 18 | F55: . | G55: Lem S. | H55: , | I55: Listy do Romana Zimanda | J55: . – | K55: Maszynopis | L55: , | M55: 2009. Warszawa: Biblioteka Narodowa / Kolekcja Aliny Kowalczykowej / Dział Rękopisów, Akc. 18169, tom 46. | R55: .
C56: @ | D56: =D55+1 -> 19 | F56: . | G56: Lem S. | H56: , | I56: Listy, kopie których zachowane w prywatnym Archiwum Stanisława Lema oraz otrzymane od odbiorców z powrotem (kopie czy oryginały) | J56: . – | K56: Maszynopis | L56: , | M56: 2009. W prywatnym Archiwum Stanisława Lema. Informacja na podstawie: Zemek W., Listy a literatura: korespondencja Stanisława Lema z Michaelem Kandlem (Praca magisterska). – Kraków: Uniwersytet Jagelloński. Wydział Polonistyki, 2009. s.14, Tab.2: zestawienie najważniejszych adresatów korespondencji Stanisława Lema). Odbiorcy listów:
D57: ~~~ | I57: I. KORESPONDENCJA OFICJALNA
D58: ~~~~~~ | I58: 1. URZĘDOWA
D59: ~~~~~~~~~ | E59: 1 | F59: . | I59: Ambasada PRL w Austrii (Marian Krzak) | R59: .
D60: ~~~~~~~~~ | E60: =E59+1 -> 2 | F60: . | I60: Ambasada PRL w Moskwie
D61: ~~~~~~~~~ | E61: =E60+1 -> 3 | F61: . | I61: Bank Handlowy
D62: ~~~~~~~~~ | E62: =E61+1 -> 4 | F62: . | I62: Bank PKO | R62: .
D63: ~~~~~~~~~ | E63: =E62+1 -> 5 | F63: . | I63: Centralny Urząd Wydawniczy | R63: .
D64: ~~~~~~~~~ | E64: =E63+1 -> 6 | F64: . | I64: Główny Urząd Ceł
D65: ~~~~~~~~~ | E65: =E64+1 -> 7 | F65: . | I65: IBL
D66: ~~~~~~~~~ | E66: =E65+1 -> 8 | F66: . | I66: Ministerstwo Finansów | R66: .
D67: ~~~~~~~~~ | E67: =E66+1 -> 9 | F67: . | I67: Ministerstwo Kultury i Sztuki | R67: .
D68: ~~~~~~~~~ | E68: =E67+1 -> 10 | F68: . | I68: Ministerstwo Spraw Wewnętrznych
D69: ~~~~~~~~~ | E69: =E68+1 -> 11 | F69: . | I69: Ministerstwo Spraw Zagranicznych
D70: ~~~~~~~~~ | E70: =E69+1 -> 12 | F70: . | I70: NBP | R70: .
D71: ~~~~~~~~~ | E71: =E70+1 -> 13 | F71: . | I71: Polska Misja Wojskowa w Berlinie
D72: ~~~~~~~~~ | E72: =E71+1 -> 14 | F72: . | I72: Polskie Radio | R72: .
D73: ~~~~~~~~~ | E73: =E72+1 -> 15 | F73: . | I73: Sekretarz KC PZPR
D74: ~~~~~~~~~ | E74: =E73+1 -> 16 | F74: . | I74: Sekretarz KW PZPR w Krakowie
D75: ~~~~~~~~~ | E75: =E74+1 -> 17 | F75: . | I75: Urząd Kinematografii
D76: ~~~~~~~~~ | E76: =E75+1 -> 18 | F76: . | I76: Urząd Wojewódzki Kontroli Prasy i Widowisk
D77: ~~~~~~~~~ | E77: =E76+1 -> 19 | F77: . | I77: Wydział Finansowy | R77: .
D78: ~~~~~~~~~ | E78: =E77+1 -> 20 | F78: . | I78: Wydział Kultury KC PZPR | R78: .
D79: ~~~~~~~~~ | E79: =E78+1 -> 21 | F79: . | I79: ZLP (Słonimski Antoni) | R79: .
D80: ~~~~~~~~~ | E80: =E79+1 -> 22 | F80: . | I80: ZLP (Stolarkowa Halina)
D81: ~~~~~~~~~ | E81: 22a | F81: . | I81: ZLP | L81: , | M81: 1981-1982. | R81: .
D82: ~~~~~~ | I82: 2. ADAPTATORZY
D83: ~~~~~~ | I83: 2.1. FILMOWCY
D84: ~~~~~~~~~ | E84: =E80+1 -> 23 | F84: . | I84: Centralny Zarząd Wytwórni Filmowych | R84: .
D85: ~~~~~~~~~ | E85: =E84+1 -> 24 | F85: . | I85: Film Polski | R85: .
D86: ~~~~~~~~~ | E86: =E85+1 -> 25 | F86: . | I86: Płoński Janusz
D87: ~~~~~~~~~ | E87: =E86+1 -> 26 | F87: . | I87: Rudesone Michael
D88: ~~~~~~~~~ | E88: =E87+1 -> 27 | F88: . | I88: Staudte Wolfgang
D89: ~~~~~~~~~ | E89: =E88+1 -> 28 | F89: . | I89: TVP | R89: .
D90: ~~~~~~~~~ | E90: =E89+1 -> 29 | F90: . | I90: Wajda Andrzej | L90: , | M90: 1968-1986. | R90: .
D91: ~~~~~~~~~ | E91: =E90+1 -> 30 | F91: . | I91: Zespół Filmowy „Kadrˮ | R91: .
D92: ~~~~~~~~~ | E92: =E91+1 -> 31 | F92: . | I92: Zespół Filmowy „Torˮ | R92: .
D93: ~~~~~~~~~ | E93: =E92+1 -> 32 | F93: . | I93: Zespół Filmowy X | R93: .
D94: ~~~~~~~~~ | E94: =E93+1 -> 33 | F94: . | I94: Zespół Filmowy „Iluzjonˮ | R94: .
D95: ~~~~~~~~~ | E95: 33a | F95: . | I95: Zespół Filmowy „Planˮ | R95: .
D96: ~~~~~~ | I96: 2.2. ILUSTRATORZY
D97: ~~~~~~~~~ | E97: =E94+1 -> 34 | F97: . | I97: Kobyliński Szymon | R97: .
D98: ~~~~~~~~~ | E98: =E97+1 -> 35 | F98: . | I98: Mróz Daniel | R98: .
D99: ~~~~~~ | I99: 3. AGENCI
D100: ~~~~~~~~~ | E100: =E98+1 -> 36 | F100: . | I100: Agencja Autorska
D101: ~~~~~~~~~ | E101: =E100+1 -> 37 | F101: . | I101: Dilia
D102: ~~~~~~~~~ | E102: =E101+1 -> 38 | F102: . | I102: Duszenko Konstantin | L102: , | M102: 1987-2002.
D103: ~~~~~~~~~ | E103: =E102+1 -> 39 | F103: . | I103: Gotler Joel
D104: ~~~~~~~~~ | E104: =E103+1 -> 40 | F104: . | I104: Korzhenevski Alexander
D105: ~~~~~~~~~ | E105: =E104+1 -> 41 | F105: . | I105: Rottensteiner Franz | L105: , | M105: 1968-1997. | R105: .
...

Sheet About
A1: A | B1: N | C1: «A» „R” | D1: . | E1: Książki, specjalne wydania czasopismów i najwazniejsze artykuły o Stanisławie Lemie (chronologicznie) / Ułożył Wiktor Jaźniewicz | F1: = | G1: ↓↑ | H1: .
A2: @ | B2: 1 | D2: . | E2: Kijowski Andrzej, Fantazja i realizm. –
C3: 1 | D3: ) | E3: Życie Literackie (K.), 1952, nr 12, s.11;
C4: 2 | D4: ) | E4: W: Kijowski A., Różowe i czarne. – K.: Wydawnictwo Literackie, 1957.
A5: @ | B5: 2 | D5: . | E5: Starowieyska-Morstinowa Zofia, W kosmicznej próżni. – Tygodnik Powszechny (K.), 1952, nr 22, s.7.
A6: @ | B6: 3 | D6: . | E6: Białoborski Eustachy, Powieść fantastyczno-naukowa? [O powieści „Astronauci” S. Lema]. – Problemy (W.), 1953, nr 7, s.502-503.
A7: @ | B7: 4 | D7: . | E7: Terlecki Olgierd, O pisarstwie Stanisława Lema – felieton dyskusyjny. – Dziennik Polski (K.), 1954, nr 213, s.3-4.
A8: @ | B8: 5 | D8: . | E8: Flaszen Ludwik, Czas rzeczywiście nieutracony. – Życie Literackie (K.), 1955, nr 50, s.7,11.
A9: @ | B9: 6 | D9: . | E9: Włodek Adam, Lem gwiazdowy. – Dziennik Polski (K.), 1957, nr 108, s. 3-4.
A10: @ | B10: 7 | D10: . | E10: Maciąg Włodzimierz, Literatura Lema. – Życie Literackie (K.), 1959, nr 15, s.2.
A11: @ | B11: 8 | D11: . | E11: Maciąg Włodzimierz, Słownik polskich pisarzy współczesnych: Stanisław Lem. – Tygodnik kulturalny (W.), 1963, nr 46, s.6.
A12: @ | B12: 9 | D12: . | E12: Kołakowski Leszek, Informacja i utopia. –
C13: 1 | D13: ) | E13: Twórczość (W.), 1964, nr 11, s.115-123;
C14: 2 | D14: ) | E14: W: Kołakowski L., Pochwała niekonsekwencji. Pisma rozproszone z lat 1955-1968, Tom 3. – L.: Oficyna Wydawnicza Nowa, 1989.
A15: @ | B15: 10 | D15: . | E15: Summa Technologiae. Dyskusja nad książką Stanisława Lema. – Studia Filozoficzne (W.), 1965, nr 2, s.95-135; nr 3, s.3-37. | H15: .
B16: ~~~ | E16: W dyskusji udział wzięli: Stanisław Lem, Józef Hurwic, Wacław Mejbaum, Helena Eilstein, Andrzej Bednarczyk i Władysław Krajewski.
A17: @ | B17: 11 | D17: . | E17: Kijowski Andrzej, Stanisław Lem czyli humanista w Kosmosie. –
C18: 1 | D18: ) | E18: Radar (W.), 1966, nr 8, s.8-9;
C19: 2 | D19: ) | E19: W: Kijowski A., Dzieje literatury pozbawionej sankcji. Vol. 2. – K.: Instytut Literatury, 2020, s.139-147.
A20: @ | B20: 12 | C20: . 1 | D20: . | E20: Андреев Кирилл, Четыре будущих Станислава Лема / В кн.:
C21: 1 | D21: ) | E21: Лем С., Магелланово облако. – М.: Детская литература, 1966, с.5-20;
C22: 2 | D22: ) | E22: Лем С., Высокий замок. – М.: Молодая гвардия, 1969, с.132-142. | F22: = | G22: #REF! | H22: .
B23: ~~~ | E23: Wydania w innych językach:
B24: ~~~ | C24: 2 | D24: . | E24: Andreev Kirill, The Four Futures of Stanislaw Lem / Translated by John W. Andrews. –
C25: 1 | D25: ) | E25: Moebius Trip (Peoria, Illinois), 1972, nr 12 (March), p.4-15;
C26: 2 | D26: ) | E26: Renaissance (Berkeley Heights, N.J.), 1972, vol.4, nr 1; nr 2, p.8-13. | H26: .
B27: ~~~ | C27: 3 | D27: . | E27: Andrejew Kirill, Die vier Zukunften Stanislaw Lems / Aus dem Russischen von Beate Sorger. – Quarber Merkur (Wien), 1975, Nr 41, S.18-26. | H27: .
A28: @ | B28: 13 | C28: . 1 | D28: . | E28: Pośpieszalska Nelly [Eilstein Helena], „Głos Pana”, czyli Zwierciadło z Nieba. – Nurt (Poznań), 1969, nr 7, s.34-39; nr 8, s.33-38. Wydanie w innym języku:
B29: ~~~ | C29: 2 | D29: . | E29: Pośpieszalska Nelly, Zu »Glos Pana« (Die Stimme des Herrn) von Stanislaw Lem / Aus dem Polnischen übertragen, ausgewählt und komentiert von Irmtraud Zimmermann-Göllheim. –
C30: 1 | D30: ) | E30: Quarber Merkur (Wien), 1970, Nr 24, S.29-52;
C31: 2 | D31: ) | E31: In: Stanislaw Lem. Der dialektische Weise aus Kraków – F.a.M.: Insel Verlag, 1976, S.91-134. | F31: = | G31: ↓A24 | H31: .
A32: @ | B32: 14 | C32: . 1 | D32: . | E32: Suvin Darko, The Open-Ended Parables of Stanislaw Lem and “Solaris” / In: Lem S., Solaris. –
C33: 1 | D33: ) | E33: N.Y.: Walker & Co., 1970, p.206-216;
C34: 2 | D34: ) | E34: N.Y.: Berkley Medallion, 1971, p.212-223;
C35: 3 | D35: ) | E35: L.: The Science Fiction Book Club, 1973, p.206-216;
C36: 4 | D36: ) | E36: N.Y.: Berkley Publishing, 1978, p.212-223;
C37: 5 | D37: ) | E37: N.Y.: Berkley Publishing, 1982, p.212-223. | H37: .
B38: ~~~ | E38: Wydania w innych językach:
B39: ~~~ | C39: 2 | D39: . | E39: Suvin Darko, Stanislaw Lems Parabel »Solaris«. – Quarber Merkur (Wien), 1971, Nr 25, S.64-67. | H39: .
B40: ~~~ | C40: 3 | D40: . | E40: Suvin Darko, As parábolas sem conclusões de Stanislaw Lem e «Solaris» / Tradução Inês Busse // No: Lem S., Solaris. –
C41: 1 | D41: ) | E41: Mem Martins: Publicações Europa-América, 1983, p.174-184;
C42: 2 | D42: ) | E42: Rio de Janeiro: Francisco Alves, 1984, p.217-228;
C43: 3 | D43: ) | E43: Rio de Janeiro: Círculo do Livro, 1986, p.199-209;
C44: 4 | D44: ) | E44: Mem Martins: Publicações Europa-América, 2003, p.217-230. | H44: .
A45: @ | B45: 15 | D45: . | E45: Filozofia przypadku. Dyskusja nad książką Stanisława Lema. – Pamiętnik Literacki (W.), 1971, nr 1, s.357-376. | H45: .
B46: ~~~ | E46: W dyskusji udział wzięli: Janusz Sławiński, Kazimierz Bartoszyński, Henryk Markiewicz i Stanisław Lem.
A47: @ | B47: 16 | D47: . | E47: Farmer Phillip Jose, A Letter to Mr Lem. – SF Commentary (Melbourne), 1971, nr 25, p.19-26.
A48: @ | B48: 17 | D48: . | E48: Über Stanisław Lem / Hrsg. Rottensteiner F. – Quarber Merkur (Wien), 1972, Nr 31 (Juli), S.2, 18-66, 89-91, 93-95. | H48: .
B49: ~~~ | E49: Autoren: Franz Rottensteiner, German Titow / Aus dem Russischen von Herta Leo, Jan Błoński / Aus dem Polnischen von I. Zimmermann-Göllheim, Małgorzata Szpakowska / Aus dem Polnischen von Klaus Staemmler, L.A. Anninski / Aus dem Russischen von Herta Leo, David Ketterer, Ewa Balcerzak, Klaus Staemmler, H. Lück, Robert Plank und Stanisław Lem.
A50: @ | B50: 18 | D50: . | E50: Stanisław Lem. – Nurt (Poznań), 1972, nr 8, s.1-38, 43-48. | H50: .
B51: ~~~ | E51: Autorzy: Stanisław Lem, Wojciech Jamroziak, Marcin Bajerowicz, Edward Balcerzan, Stanisław Barańczak, Zdzisław B. Kępiński, Jerzy Kmita, Andrzej Tarkowski, Antoni Smuszkiewicz i Leszek Szaruga.
A52: @ | B52: 19 | D52: . | E52: Круглый стол: Обсуждаем кинофильм «Солярис». – Вопросы литературы (М.), 1973, №1, с.68-106.
B53: ~~~ | E53: Авторы: Э. Араб-Оглы, Ю. Смелков, Я. Голованов, Г. Кунявский, Н. Кладо, К. Феоктистов, В. Шитова, Г. Бакланов, А. Тарковский.
A54: @ | B54: 20 | C54: . 1 | D54: . | E54: Balcerzak Ewa, Stanisław Lem. – W.: PIW, 1973, 179 s. Wydanie w innym języku:
B55: ~~~ | C55: 2 | D55: . | E55: Balcerzak Ewa, Lem / Translated by Krystyna Cękalska. – W.: Agencja Autorska, 1973, 54 s.
A56: @ | B56: 21 | D56: . | E56: Krywak Piotr, Stanisław Lem. – K.: PWN, 1974, 33 s.
A57: @ | B57: 22 | D57: . | E57: Scheck Frank Rainer, Stanislaw Lem, ein moderner Revisionist. Auseinandersetzung. – Essen: Arbeiterkulturverlag, 1974, 59 S. | H57: .
A58: @ | B58: 23 | D58: . | E58: LEM: Lunar Excursion Module / Hrsg. Rottensteiner F. – Quarber Merkur (Wien), 1974, Nr 38 (November), 104 S. | H58: .
B59: ~~~ | E59: Autoren: Franz Rottensteiner, Michael Kandel, Hans Joachim Piechotta, Irina Rodnjanskaja / Aus dem Russischen von E. Simon, T.H. Hoisington, Z.I. Fajnburg / Aus dem Russischen von Horst Lange, Jörg Krichbaum, Edward Balcerzan / Aus dem Polnischen von Anna Brzozowska, Ju. Smelkov / Deutsch von Beate Sorger, N. Zorkaja / Deutsch von Beate Sorger, Brian W. Aldiss / Aus dem Englischen von Rolf-Ingo Behnke, Małgorzata Szpakowska / Aus dem Polnischen von Roman Kiszka, Uwo Japp, Andrzej Zgorzelski, Włodzimierz Maciąg / Aus dem Polnischen von Anna Citkowska, Karl Riha, Marek Wydmuch, Robert Plank und Stanisław Lem.
A60: @ | B60: 24 | D60: . | E60: Stanislaw Lem. Der dialektische Weise aus Kraków / Hrsg. Berthel W. – F.a.M.: Insel Verlag, 1976, 269 S. (Insel Almanach auf das Jahr 1976).
B61: ~~~ | E61: Autoren: Stanisław Lem, Jerzy Jarzębski / Aus dem Polnischen von Jens Reuter und Hans Jürgen Mayer, Nelly Pośpieszalska / Aus dem Polnischen von I. Zimmermann-Göllheim, German Titow / Aus dem Russischen von Herta Leo, Z.I. Fajnburg / Aus dem Russischen von Horst Lange, Michael Kandel / Aus dem Amerikanischen von Franz Rottensteiner, Darko Suvin / Aus dem Amerikanischen von Franz Rottensteiner, Franz Rottensteiner, Heinrich Vormweg, Siegfried Lenz, Dieter Hasselblatt und Werner Berthel.
A62: @ | B62: 25 | D62: . | E62: Solotaroff Theodore, A master of science fiction – and more. – The New York Times Book Review (N.Y.), 1976, August 29, p.1, 14-19.
A63: @ | B63: 26 | D63: . | E63: The Lem Affair. – Science‑Fiction Studies (Greencastle, IN), 1977, vol.4, nrs 11–13; 1978, vol.5, nr 14. | H63: .
B64: ~~~ | E64: Authors: nr 11: Ursula K. Le Guin, Darko Suvin; nr 12: Brian W. Aldiss, Stanislaw Lem, Pamela Sargent, George Zebrowski, Jack Dann, Gregory Benford, Andrew Offutt, Richard D. Mullen; nr 13: James Gunn, Gregory Benford; nr 14: Philip K. Dick, Pamela Sargent, Darko Suvin.
A65: @ | B65: 27 | D65: . | E65: Jak świat czyta Stanisława Lema. – Kultura (W.), 1977, nr 52, s.5.
B66: ~~~ | E66: Autorzy: Gérald Froidevaux, Göran Lundstedt, Irina Rodnianska, Günter Herburger, Manuela Lucchini, Michael Kandel.
A67: @ | B67: 28 | D67: . | E67: Солодовников С., Роман-предостережение в творчестве Станислава Лема. Автореф. дисс. на соиск. уч. степ. канд. филол. наук. – Минск: БГУ им. В.И. Ленина, 1979, 18 с.
A68: @ | B68: 29 | D68: . | E68: Updike John, Lem and Pym. –
C69: 1 | D69: ) | E69: The New Yorker (N.Y.), 1979, February 26, p.115-121;
C70: 2 | D70: ) | E70: In: Updike John, Hugging the shore: essays and criticism. – N.Y.: Knopf Alfred A., 1983, p.516-525.
A71: @ | B71: 30 | D71: . | E71: Wójcik Andrzej, Ambasador polskiej literatury / W: Wójcik A., Englender M., Budowniczowie gwiazd 1. – W.: KAW, 1980, s.36-91.
A72: @ | B72: 31 | D72: . | E72: Über Stanisław Lem / Hrsg. Berthel W. – F.a.M.: Suhrkamp, 1981, 214 S. | H72: .
B73: ~~~ | E73: Autoren: Jerzy Jarzębski / Aus dem Polnischen von Jens Reuter und Hans Jürgen Mayer, Jan Józef Szczepański / Aus dem Polnischen von Lutz Adler, Pierre Lachat, Dominique Sila / Aus dem Französischen von Hilde Linnert, Michael Kandel / Aus dem Amerikanischen von Franz Rottensteiner, John Rothfork / Aus dem Amerikanischen von Franz Rottensteiner, Anthony Burgess / Aus dem Amerikanischen von Franz Rottensteiner, Manfred Geier, Heinrich Vormweg, Günter Herburger, Siegfried Lenz, Dieter Hasselblatt, Franz Rottensteiner und Werner Berthel.
A74: @ | B74: 32 | C74: . 1 | D74: . | E74: Hofstadter Douglas R. and Dennett Daniel C., The Mind's I. Fantasies and Reflections on Self and Soul. – N.Y.: Basic Books, 1981, 501 pp. Dużo wydań (ponad 10) w języku angielskim. Wydania w innych językach:
B75: ~~~ | C75: 2 | D75: . | E75: Hofstadter Douglas R. und Dennett Daniel C., Einsicht ins Ich. Fantasien und Reflextionen über Selbst und Seele / Übersetzt von Ulrich Enderwitz. – Stuttgart: Klett-Cotta, 1981, 485 S.
B76: ~~~ | C76: 3 | D76: . | E76: Hofstadter Douglas R. y Dennett Daniel C., El ojo de la mente. Fantasías y reflexiones sobre el yo y el alma / Traducción: Lucrecia M. de Sáenz. – Buenos Aires: Sudamericana, 1983, 454 p.
B77: ~~~ | C77: 4 | D77: . | E77: ホフスタッタ Ｄ・Ｒ・ ー デネット Ｄ・Ｃ・, マインズ・アイ ― コンピュ ー タ時代の「心」と「私」/ 坂本百大監 訳. – 東京: TBSブリタニカ, 1984 & 1992, 359 p.
B78: ~~~ | C78: 5 | D78: . | E78: Hofstadter Douglas R. e Dennett Daniel C., L’io della mente. Fantasie e riflessioni sul sé e sull’anima / Traduzione di Giuseppe Longo. – Milano: Adelphi, 1985, 496 p.
B79: ~~~ | C79: 6 | D79: . | E79: Hofstadter Douglas R. en Dennett Daniel C., De spiegel van de ziel. Fantasieën en reflecties over ego en geest / Vertaling Eugène Dabekaussen, Barbara de Lange en Tilly Maters. – Amsterdam: Contact, 1986 & 1989, 535 p.; Amsterdam: Pandora, 1996.
B80: ~~~ | C80: 7 | D80: . | E80: Hofstadter Douglas R. et Dennett Daniel C., Vues de l'esprit. Fantaisies et réflexions sur l'être et l'âme / Traduit par Jacqueline Henry. – Paris: InterEditions, 1987, 508 p.
B81: ~~~ | C81: 8 | D81: . | E81: Hofstadter Douglas R. in Dennett Daniel C., Oko duha. Fantazije in refleksije o jazu in duši. – Ljubljana: Mladinska knjiga, 1990, 502 s.
B82: ~~~ | C82: 9 | D82: . | E82: Хофштадтер Даглас Р. и Деннетт Дэниел К, Глаз разума. Фантазии и размышления о самосознании и о душе / Перевод Эскиной М.А. – Самара: Издательский Дом «Бахрах-М», 2003, 432 с.
B83: ~~~ | C83: 10 | D83: . | E83: Hofstadter Douglas R. ve Dennett Daniel C., Aklın G'özü. Benlik ve Ruh Üzerine Hayaller ve Düşünceler / Çeviren: Füsun Doruker. – İstanbul: Alfa Yayınları, 2021, 600 s.
B84: (…)
A85: @ | B85: @ | C85: ~~~ | E85: Dodatek: Artykuły o S. Lemie w najbardziej „Lemologicznych” czasopismach
B86: (…)
A87: @ | B87: 297 | D87: . | E87: Artykuły o S. Lemie w czasopiśmie „Gazeta Wyborcza” (W.) / Red. Adam Michnik.
B88: ~~~ | E88: Wymienione powyżej: | G88: ↑A73, A75, A99, A122, A142.1 | H88: .
B89: ~~~ | E89: Oraz w numerach: 1991, nr 75, s.3; nr 107, s.1; nr 213, s.17; 1992, nr 256, s.1; 1993, nr 281, s.13; 1994, nr 54, s.18; 1995, nr 215, s.2; nr 288, s.13; 1996, nr 14, s.4; nr 44, s.9; nr 67, s.4; nr 165, s.11; nr 212, s.2; nr 217, s.2; nr 232, s.16; 1997, nr 8, s.2; Kraków:nr 45, s.2; Kraków:nr 70, s.1; nr 286, s.2; 1998, nr 236, s.13; nr 254, s.12; nr 278, s.9; 1999, nr 16, s.12; nr 79, s.24; nr 86, s.7,12; nr 248, s.23; Kraków:nr 268, s.2; 2000, nr 77, s.1,10; Kraków:nr 77, s.2; Częstochowa:nr 77, s.4; nr 79, s.16; nr 229, s.14-15; nr 283, s.4; 2001, nr 194, s.13; nr 209, s.20; nr 213, s.21; nr 249, s.13; 2002, nr 91, s.8; nr 136, s.13; nr 150, s.2; nr 152, s.13; nr 269, s.2; nr 272, s.19; 2003, nr 37(Duży Format nr 7), s.8-11; nr 195, s.16; nr 255, s.13; nr 265, s.17; Duży Format nr 35, s.24; 2004, nr 303, s.15; 2006, Kraków:nr 77, s.10; nr 78, s.19; nr 79 dod., s.2-4; nr 80 dod., s.1; Kraków:nr 80, s.7; nr 81, s.16; nr 148, s.15; 2007, Kraków:nr 74, s.6; 2008, nr 240, s.24; 2009, Kraków:nr 230, s.6; Duży Format nr 36, s.28-29; 2010, Gdańsk:nr 29, s.6; 2011, nr 249, s.13; Duży Format nr 37, s.16-17; 2012, Gdańsk:nr 196, s.6; 2013, nr 75, s.24-25; nr 116, s.16; nr 281, s.19; Duży Format nr 37, s.19; 2015, nr 202, s.16-17; 2016, Kraków:nr 153, s.6; nr 282, s.25; 2017, nr 33(Wysokie Obcasy), s.16-19; nr 178, s.14-15; nr 187, s.32-33; 2018, nr 221, s.30-32; 2020, Duży Format nr 47; 2021, nr 95 dod., s.13-15; nr 163 dod., s.8; nr 172 dod., s.2-3; nr 193 dod., s.8; nr 224 dod., s.10-11; nr 235 dod., s.8; nr 263 dod., s.8; nr 264 dod., s.34-35; nr 304 dod., s.7; Duży Format nr 37; 2022, Duży Format nr 6, Duży Format nr 7, Duży Format nr 22; 2023, nr 14, s.17.
B90: ~~~ | E90: Autorzy: Małgorzata Szpakowska (1991, nr 213), Ryszkiewicz Marcin (1994, nr 54, s.18; ), Ryszard Kozik (1995, nr 288; 1997, nr 286; 1998, nry 254, 278; 1999, K.:nr 268; 2000, nr 77; 2001, nr 194; 2006, K.:nr 77; 2009, K.:nr 230), Stanisław Bereś (1996, nr 14), Tadeusz Komendant (1996, nr 165; 1999, nr 86), Jacek Żakowski (1996, nr 212), Małgorzata Wosion (1997, K.:nr 70), Andrzej Stasiuk (1999, nr 16), Michał Cichy (1999, nr 79), Jan Stradowski (1999, nr 86; 2000, Częstochowa:nr 77 ), Wojciech Orliński (2000, nr 79; 2002, nry 152, 272; 2003, nr 37; 2004, nr 303; 2006, nr 148; 2008, nr 240; 2013, nr 281, Duży Format nr 37; 2016, nr 282; 2017, nr 33(Wysokie Obcasy), nr 178; nr 187; 2018, nr 221; 2020, Duży Format nr 47; 2021, Duży Format nr 37; 2022, Duży Format nry 6, 7, 22), Stanisław Barańczak (2000, nr 229), Robert Szaniawski (2000, nr 283), Jerzy Jarzębski (2001, nr 213; 2006, nr 78), Piotr Bratkowski (2001, nr 213), Małgorzata Baranowska (2001, nr 249), Andrzej Kurz (2002, nr 136), Tadeusz Sobolewski (2003, nr 37), George Clooney (2003, nr 37), Steven Soderbergh (2003, nr 37), James Cameron (2003, nr 37), Maria Darska (2003, nr 195), Joanna Szczęsna (2003, Duży Format nr 35), Krystyna Zaleska (2006, K.:nr 77), Michał Olszewski (2006, nr 79), Renata Radłowska (2006, nr 79; 2013, nr 75), Piotr Szulkin (2006, K.:nr 80), Radek Knapp (2006, nr 81), Małgorzata Niemczyńska (2007, K.:nr 74; 2011, Duży Format nr 37), Tomasz Lem (2009, Duży Format nr 36; 2021, nr 224), Magdalena Hajdysz (2010, Gdańsk:nr 29), Tomasz Fiałkowski (2011, nr 249), Dorota Karaś (2012, Gdańsk:nr 196), Ari Folman(2013, nr 116, Duży Format nr 37), Paweł T. Felis (2013, nr 116), Marek Wąs (2015, nr 202), Joanna Targoń (2016, K.:nr 153), Michał Radomił Wiśniewski (2017, nr 178), Olga Drenda (2017, nr 187), Ewa Lipska i Donata Subbotko (2018, nr 221), Jarosław Kopeć (2021, nr 95), Piotr Szostak (2021, nr 95), Ewelina Karwacka (2021, nry 163, 235), Konrad Wojciechowski (2021, nr 172), Anna Lem (2021, nr 172), Amanda Grzmiel (2021, nry 193, 263), Krzysztof Siwczyk (2021, nry 224, 264), Jarosław Wanecki (2021, nr 304), Małgorzata Szlachetka (2023, nr 14).
B91: ~~~ | E91: W tym czasopismie jest 211 publikacji artykułów i wywiadów S. Lema
A92: @ | B92: 298 | D92: . | E92: Artykuły o S. Lemie w czasopiśmie „Przegląd” (W.) / Red. Jerzy Domański.
B93: ~~~ | E93: Wymieniony powyżej: | G93: ↑A132 | H93: .
B94: ~~~ | E94: Oraz w numerach: 2000, nr 31, s.32; nr 45, s.18; nr 51, s.28; 2001, nr 38, s.29,74; 2002, nr 3, s.16; nr 31, s.55; nr 49, s.46; 2003, nr 6, s.62; nr 17, s.17; nr 20, s.66; 2005, nr 21, s.44-45; 2006, nr 14, s.8-11; nr 37, s.42; 2009, nr 13, s.51; nr 41, s.54-56; 2011, nr 38, s.40-41; 2018, nr 1, s.42-43; 2021, nr 4, s.50-52; nr 37, s.15.
B95: ~~~ | E95: Autorzy: Krzysztof Teodor Toeplitz (2000, nr 31), Elżbieta Szymańska (2000, nr 45), Adam Gnoiński (2000, nr 51), Robert Walenciak (2002, nr 3), Ewa Likowska (2002, nr 49; 2003, nry 6, 17), Mitsuyoshi Numano i Marcin Ogdowski (2005, nr 21), Przemysław Szubartowicz (2006, nry 14, 37), Tomasz Lem (2009, nr 41), Leszek Konarski (2011, nr 38), Tomasz Borejza (2018, nr 1; 2021, nr 4) i Jerzy Domański (2021, nr 37).
B96: ~~~ | E96: W tym czasopismie jest 146 publikacji artykułów i wywiadów S. Lema

Sheet PLF
A1: F | B1: PL: Po polsku | C1: @ | D1: . | E1: numb | F1: . | G1: „” | H1: , | I1: tytul | J1: . – | K1: wydawca | L1: , | M1: rok, nr, s. □⌂¤ | N1: = | O1: ↓↑ | P1: ; | Q1: ↓↑tłumaczenia | R1: . | S1: rodzaj
D2: ~~~~~~ | G2: 1. Pierwszy zbiór pism Stanisława Lema post mortem –
D3: ~~~~~~ | G3: Biblioteka Gazety Wyborczej. Dzieła, Tomy I-XXXIII
B4: * | C4: @ | D4: 1 | F4: . | G4: Lem S. | H4: , | I4: Dzienniki gwiazdowe. Dzieła, T.I / Rysunek na okładce: Lem S., Nocnik innoplanetarny. – W.: Agora SA, 2008, 384 s. | M4: □
D5: ~~~ | I5: Spis treści:
D6: ~~~ | E6: 1 | F6: . | I6: Przedmowa | L6: , | M6: s.5-6.
D7: ~~~ | E7: 2 | F7: . | I7: Wstęp | L7: , | M7: s.7-8.
D8: ~~~ | I8: Z dzienników gwiazdowych Ijona Tichego
D9: ~~~~~~ | E9: 3 | F9: . | I9: Podróż siódma | L9: , | M9: s.13-28.
D10: ~~~~~~ | E10: 4 | F10: . | I10: Podróż ósma | L10: , | M10: s.29-45.
D11: ~~~~~~ | E11: 5 | F11: . | I11: Podróż jedenasta | L11: , | M11: s.47-76.
D12: ~~~~~~ | E12: 6 | F12: . | I12: Podróż dwunasta | L12: , | M12: s.77-85.
D13: ~~~~~~ | E13: 7 | F13: . | I13: Podróż trzynasta | L13: , | M13: s.87-104.
D14: ~~~~~~ | E14: 8 | F14: . | I14: Podróż czternasta | L14: , | M14: s.105-125.
D15: ~~~~~~ | E15: 9 | F15: . | I15: Podróż osiemnasta | L15: , | M15: s.127-137.
D16: ~~~~~~ | E16: 10 | F16: . | I16: Podróż dwudziesta | L16: , | M16: s.139-174.
D17: ~~~~~~ | E17: 11 | F17: . | I17: Podróż dwudziesta pierwsza | L17: , | M17: s.175-225.
D18: ~~~~~~ | E18: 12 | F18: . | I18: Podróż dwudziesta druga | L18: , | M18: s.227-239.
D19: ~~~~~~ | E19: 13 | F19: . | I19: Podróż dwudziesta trzecia | L19: , | M19: s.241-246.
D20: ~~~~~~ | E20: 14 | F20: . | I20: Podróż dwudziesta czwarta | L20: , | M20: s.247-258.
... D22: ~~~~~~ | E22: 16 | F22: . | I22: Podróż dwudziesta ósma | L22: , | M22: s.273-289.
D23: ~~~ | I23: Ze wspomnień Ijona Tichego
D24: ~~~~~~ | E24: 17 | F24: . | I24: Ze wspomnień Ijona Tichego. I | L24: , | M24: s.293-305.
D25: ~~~~~~ | E25: 18 | F25: . | I25: Ze wspomnień Ijona Tichego. II | L25: , | M25: s.307-318.
D26: ~~~~~~ | E26: 19 | F26: . | I26: Ze wspomnień Ijona Tichego. III | L26: , | M26: s.319-327.
D27: ~~~~~~ | E27: 20 | F27: . | I27: Ze wspomnień Ijona Tichego. IV | L27: , | M27: s.329-339.
D28: ~~~~~~ | E28: 21 | F28: . | I28: Ze wspomnień Ijona Tichego. V (Tragedia pralnicza) | L28: , | M28: s.341-357.
D29: ~~~ | I29: Posłowie: Jarzębski Jerzy, Spór między Münchhausenem a Guliwerem | L29: , | M29: s.359-364.
D30: ~~~ | I30: Orliński Wojciech, Słownik terminów Lemowskich, Cz.I | L30: , | M30: s.367-372.
D31: ~~~ | I31: Orliński Wojciech, Lema nie ma? | L31: , | M31: s.373-378.
D32: ~~~ | I32: Nota wydawnicza | L32: , | M32: s.379.
D33: (…)
B34: * | C34: @ | D34: 33 | F34: . | G34: Lem S. | H34: , | I34: Przekładaniec. Dzieła, T.XXXIII / Rys. na okł.: Lem S., Czajak połkliwy nocą z łupem (na górze), Trojanka z dzieckiem. – W.: Agora SA, 2010, 312 s. | M34: □
D35: ~~~ | I35: Spis treści:
B36: - | D36: ~~~ | E36: 1 | F36: . | I36: Czy pan istnieje, Mr. Johns? | L36: , | M36: s.5-12.
B37: - | D37: ~~~ | E37: 2 | F37: . | I37: Wierny robot: Widowisko telewizyjne | L37: , | M37: s.13-35.
B38: - | D38: ~~~ | E38: 3 | F38: . | I38: Wyprawa profesora Tarantogi: Widowisko w sześciu częściach | L38: , | M38: s.37-82.
B39: - | D39: ~~~ | E39: 4 | F39: . | I39: Czarna komnata profesora Tarantogi: Widowisko telewizyjne | L39: , | M39: s.83-107.
B40: - | D40: ~~~ | E40: 5 | F40: . | I40: Dziwny gość profesora Tarantogi: Widowisko telewizyjne | L40: , | M40: s.109-135.
B41: - | D41: ~~~ | E41: 6 | F41: . | I41: Przekładaniec: Scenariusz filmowy | L41: , | M41: s.137-154.
B42: * | D42: ~~~ | E42: 7 | F42: . | I42: Godzina przyjęć profesora Tarantogi: Słuchowisko radiowe | L42: , | M42: s.155-181.
B43: - | D43: ~~~ | E43: 8 | F43: . | I43: Noc księżowa: Słuchowisko radiowe | L43: , | M43: s.183-202.
B44: - | D44: ~~~ | E44: 9 | F44: . | I44: Lem Stanisław, Szczepański Jan Józef. Pamiętnik znaleziony w wannie | L44: , | M44: s.203-255.
B45: - | D45: ~~~ | E45: 10 | F45: . | I45: Lem Stanisław, Szczepański Jan Józef. Katar: Scenariusz filmowy | L45: , | M45: s.257-298.
D46: ~~~ | I46: Posłowie: Jarzębski Jerzy, Rzeczy nienarracyjne Stanisława Lema | L46: , | M46: s.301-305.
D47: ~~~ | I47: Nota wydawnicza | L47: , | M47: s.307.
C48: @ | D48: @ | E48: ~~~~~~ | G48: 2. Inne powieści i opowiadania (wszystkie polskie wydania)
B49: * | C49: @ | D49: 34 | F49: . | G49: Lem S. | H49: , | I49: Placówka. – Kuźnica (Łódź), 1946, nr 6, s.7-8.
B50: * | C50: @ | D50: 35 | F50: . | G50: Lem S. | H50: , | I50: Nowy. – Żołnierz Polski (K.), 1946, nr 11, s.10-11.
B51: * | C51: @ | D51: 36 | F51: . | G51: Lem S. | H51: , | I51: Hauptszturmfürer Koestnitz. – (Kraków, 28-29-30 IX. 45) –
D52: ~~~ | E52: 1 | F52: ) | I52: Odra (Katowice, Wrocław), 1946, nr 11, s.4-6.
D53: ~~~ | E53: 2 | F53: ) | I53: Odra (Wrocław), 2017, nr 2, s.62-69.
B54: * | C54: @ | D54: 37 | F54: . | G54: Lem S. | H54: , | I54: Dzień siódmy. – Tygodnik Powszechny (K.), 1946, nr 45, s.5. | O54: [Też w Non Fiction: | Q54: =CONCATENATE([1]PL!A1,[1]PL!D4) -> PL:1 | R54: ]
B55: * | C55: @ | D55: 38 | F55: . | G55: Lem S. | H55: , | I55: Spotkanie w Kołobrzegu. – Żołnierz Polski (K.), 1946, nr 47, s.14-15.
B56: * | C56: @ | D56: 39 | F56: . | G56: Lem S. | H56: , | I56: Ogród ciemnosci. –
D57: ~~~ | E57: 1 | F57: ) | I57: Tygodnik Powszechny (K.), 1947, nr 14, s.10-11.
D58: ~~~ | E58: 2 | F58: ) | I58: W: Lem S., Ogród ciemnosci i inne opowiadania. – K.: Wydawnictwo Literackie, 2017, s.5-22.
B59: * | C59: @ | D59: 40 | F59: . | G59: Hussarski Roman, Lem Stanisław | H59: , | I59: Jacht „Paradise”: Sztuka w czterech aktach. – W.: Czytelnik, 1951, 81 s.
B60: * | C60: @ | D60: 41 | F60: . | G60: Lem S. | H60: , | I60: Sezam i inne opowiadania. – W.: Iskry, 1954, 228 s. Wydanie I. (1955, 269 s.¤, Wydanie II). Zawierają:
B61: * | D61: ~~~ | E61: 1 | F61: . | I61: Topolny i Czwartek | L61: , | M61: s.5-45 (s.5-52).
B62: * | D62: ~~~ | E62: 2 | F62: . | I62: Kryształowa kula | L62: , | M62: s.46-85 (s.53-99). | O62: Pierwodruk: Dookoła Świata (W.), 1954, nr 4-6.
B63: * | D63: ~~~ | E63: 3 | F63: . | I63: Sezam | L63: , | M63: s.86-103 (s.101-121).
B64: * | D64: ~~~ | E64: 4 | F64: . | I64: Electric Subversive Ideas Detector | L64: , | M64: s.104-118 (s.123-140).
B65: * | D65: ~~~ | E65: 5 | F65: . | I65: Klient PANABOGA | L65: , | M65: s.119-132 (s.141-156). | O65: Pierwodruk: Poprostu (W.), 1954, nr 5, s.8.
B66: * | D66: ~~~ | E66: 6 | F66: . | I66: Hormon agatotropowy | L66: , | M66: s.133-169 (s.157-199).
B67: * | C67: @ | D67: 42 | F67: . | G67: Lem S. | H67: , | I67: Wśród umarłych. – (Kraków, czerwiec 1949) –
D68: ~~~ | E68: 1 | F68: ) | I68: W: Lem S., Czas nieutracony. Cz.2. – K.: Wydawnictwo Literackie, 1955, s.191-400.
D69: ~~~ | E69: 2 | F69: ) | I69: W: Lem S., Czas nieutracony. Cz.2. – K.: Wydawnictwo Literackie, 1957, s.191-400.
D70: ~~~ | E70: 3 | F70: ) | I70: W: Lem S., Czas nieutracony. Tom II. – K.: Wydawnictwo Literackie, 1965, 240 s.
B71: * | C71: @ | D71: 43 | F71: . | G71: Lem S. | H71: , | I71: Powrót. – (Kraków, 1950) –
D72: ~~~ | E72: 1 | F72: ) | I72: W: Lem S., Czas nieutracony. Cz.3. – K.: Wydawnictwo Literackie, 1955, s.401-662.
D73: ~~~ | E73: 2 | F73: ) | I73: W: Lem S., Czas nieutracony. Cz.3. – K.: Wydawnictwo Literackie, 1957, s.401-662.
D74: ~~~ | E74: 3 | F74: ) | I74: W: Lem S., Czas nieutracony. Tom III. – K.: Wydawnictwo Literackie, 1965, 300 s.
B75: * | C75: @ | D75: 44 | F75: . | G75: Lem S. | H75: , | I75: Obłok Magellana. –
D76: ~~~ | E76: 1 | F76: ) | I76: W skrócie: Przekrój (K.), 1953, nr 454-455; 1954, nr 456-489.
D77: ~~~ | E77: 2 | F77: ) | I77: W.: Iskry, 1955, 424 s.
D78: ~~~ | E78: 3 | F78: ) | I78: W.: Iskry, 1956, 412 s.
D79: ~~~ | E79: 4 | F79: ) | I79: W.: Iskry, 1959, 328 s.
D80: ~~~ | E80: 5 | F80: ) | I80: W.: Iskry, 1963, 372 s.
D81: ~~~ | E81: 6 | F81: ) | I81: W.: Iskry, 1967, 432 s.
B82: * | D82: ~~~ | E82: 7 | F82: ) | I82: K.: Wydawnictwo Literackie, 1970, 404 s. (Dzieła wybrane).
D83: ~~~ | E83: 8 | F83: ) | I83: K.: Wydawnictwo Literackie, 2005, 409 s. (Dzieła zebrane).
B84: * | C84: @ | D84: 45 | F84: . | G84: Lem S. | H84: , | I84: Obok megalomana. – Przekrój (K.), 1954, nr 473, s.13.
B85: * | C85: @ | D85: 46 | F85: . | I85: Z Dzienników gwiazdowych Ijona Tichego:
B86: * | D86: ~~~ | E86: 1 | F86: . | G86: Lem S. | H86: , | I86: Podróż dwudziesta szósta i ostatnia. –
D87: ~~~~~~ | E87: 1 | F87: ) | I87: W: Lem S., Sezam i inne opowiadania. – W.: Iskry, 1955, s.215-227.
D88: ~~~~~~ | E88: 2 | F88: ) | I88: W: Lem S., Sezam. – W.: Iskry, 1954, s.255-268.
D89: ~~~~~~ | E89: 3 | F89: ) | I89: W: Lem S., Dzienniki gwiazdowe. – W.: Iskry, 1957, s.243-258.
D90: ~~~~~~ | E90: 4 | F90: ) | I90: W: Lem S., Dzienniki gwiazdowe. – W.: Iskry, 1958, s.243-258.
B91: * | D91: ~~~ | E91: 2 | F91: . | G91: Lem S. | H91: , | I91: Wstęp do poszerzonego wydania. –
D92: ~~~~~~ | E92: 1 | F92: ) | I92: W: Lem S., Dzienniki gwiazdowe. – W.: Czytelnik, 1971, s.7-8.
D93: ~~~~~~ | E93: 2 | F93: ) | I93: W: Lem S., Dzienniki gwiazdowe. – W.: Gebethner i Ska, 1991, s.7-8.
B94: * | D94: ~~~ | E94: 3 | F94: . | G94: Lem S. | H94: , | I94: Nota informacyjna / W: Lem S., Dzienniki gwiazdowe. – W.: Czytelnik, 1976, s.5-6.
B95: * | D95: ~~~ | E95: 4 | F95: . | G95: Lem S. | H95: , | I95: Ostatnia podróż Ijona Tichego. – Playboy (W.), 1999, nr 5, s.82-89.
D96: ~~~ | E96: 5 | F96: . | G96: Lem S. | H96: , | I96: Nota wydawcy [przed Dziwne skrzynie profesora Corcorana]. – Przekrój (K.), 1960, nr 808, s.9.
B97: * | C97: @ | D97: 47 | F97: . | G97: Lem S. | H97: , | I97: Exodus / W: Lem S., Inwazja z Aldebarana. – K.: Wydawnictwo Literackie, 1959, s.205-219.
B98: * | C98: @ | D98: 48 | F98: . | G98: Lem S. | H98: , | I98: Dwóch młodych ludzi. –
D99: ~~~ | E99: 1 | F99: ) | I99: W: Lem S., Polowanie. – K.: Wydawnictwo Literackie, 1965, s.5-12.
D100: ~~~ | E100: 2 | F100: ) | I100: W: Lem S., Opowiadania. – K.: Wydawnictwo Literackie, 1969, s.284-289 (Dzieła wybrane).
B101: * | C101: @ | D101: 49 | F101: . | G101: Lem S. | H101: , | I101: Czarne i białe. – (Wiedeń, październik 1983) –
...

Sheet PLp
A1: ↗ | B1: Personalie Wydawnicze | C1: ( | D1: =RU!$I$1 -> RU | E1: ) | F1: → | G1: / | H1: 3 | I1: , | J1: 4 | K1: , | L1: 5 | M1: , | N1: 6 | O1: , | P1: 7 | Q1: , | R1: 8 | S1: , | T1: 9 | U1: , | V1: 10 | W1: , | X1: 11 | Y1: , | Z1: 12 | AA1: , | AB1: 13 | AC1: , | AD1: 14 | AE1: , | AF1: 15 | AG1: , | AH1: 16 | AI1: , | AJ1: 17 | AK1: , | AL1: 18 | AM1: , | AN1: 19 | AO1: , | AP1: 20 | AQ1: , | AR1: 21 | AS1: , | AT1: 22 | AU1: , | AV1: 23 | AW1: , | AX1: 24 | AY1: , | AZ1: 25
A2: 0 | B2: Część VI. Personalie Wydawnicze
A3: 0 | B3: Współautorzy, rozmówcy, tłumacze, świadkowie wypowiedzi, redaktorzy książek i specjalnych czasopismów z artykułami Stanisława Lema i o nim, autorzy artykułów o Stanisławie Lemie
A4: 12 | B4: Aldiss Brian W. | C4: – | D4: =CONCATENATE(About!A1,About!B58) -> A23 | E4: , | F4: =CONCATENATE(About!A1,About!B63) -> A26 | G4: ↗
A5: 34 | B5: Balcerzak Ewa | C5: – | D5: =CONCATENATE(About!A1,About!B48) -> A17 | E5: , | F5: =CONCATENATE(About!A1,About!B54) -> A20 | G5: ↗
A6: 35 | B6: Balcerzan Edward | C6: – | D6: =CONCATENATE(About!A1,About!B50) -> A18 | E6: , | F6: =CONCATENATE(About!A1,About!B58) -> A23
A7: 47 | B7: Barańczak Stanisław | C7: – | D7: =CONCATENATE(About!A1,About!B50) -> A18 | E7: , | F7: =CONCATENATE(About!A1,About!B87) -> A297 | G7: ↗
A8: 55 | B8: Bartoszewski Władysław | C8: – | D8: =CONCATENATE(LO!A1,LO!D16) -> L4 | E8: ↗
A9: 64 | B9: Bednarczyk Andrzej | C9: – | D9: =CONCATENATE(About!A1,About!B15) -> A10 | E9: ↗
A10: 70 | B10: Benford Gregory | C10: – | D10: =CONCATENATE(About!A1,About!B63) -> A26 | E10: ↗
A11: 73 | B11: Bereś Stanisław = Берес С. (BG), Бересь С. (RU,UK), Береш С. (BG,UK), Бэрэсь С. (BE), スタニスワフ・ベレシ (JA) | C11: – | D11: =CONCATENATE(About!A1,About!B87) -> A297 | E11: ↗
A12: 81 | B12: Berthel Werner | C12: – | D12: =CONCATENATE(DE!A1,DE!D15) -> DE:190 | E12: , | F12: =DE!D20 -> 204 | G12: , | H12: =DE!D39 -> 291 | I12: , | J12: =DE!D43 -> 302 | K12: , | L12: =DE!D47 -> 316 | M12: , | N12: =DE!D52 -> 392 | O12: , | P12: =DE!D56 -> 416 | Q12: , | R12: =DE!D60 -> 436 | S12: , | T12: =DE!D64 -> 450 | U12: / | V12: =CONCATENATE(About!A1,About!B60) -> A24 | W12: , | X12: =CONCATENATE(About!A1,About!B72) -> A31 | Y12: ↗
A13: 87 | B13: Białkowski Grzegorz | C13: – | D13: =CONCATENATE(PL!A1,LO!A1,LO!D20) -> PL:L6 | E13: , | F13: =CONCATENATE(LO!A1,LO!D23) -> L7
A14: 88 | B14: Białoborski Eustachy | C14: – | D14: =CONCATENATE(About!A1,About!B6) -> A3 | E14: ↗
A15: 109 | B15: Błoński Jan = Блонски Я. (BG) | C15: – | D15: =CONCATENATE(About!A1,About!B48) -> A17 | E15: ↗
A16: 114 | B16: Bocheński Jacek | C16: – | D16: =CONCATENATE(PL!A1,LO!A1,LO!D20) -> PL:L6 | E16: , | F16: =CONCATENATE(LO!A1,LO!D23) -> L7 | G16: ↗
A17: 127 | B17: Borissow Wladimir | C17: ( | D17: DE | E17: ) | F17: → | G17: Борисов В.
A18: 131 | B18: Borysow Włodzimierz | C18: ( | D18: PL | E18: ) | F18: → | G18: Борисов В.
A19: 146 | B19: Bryll Ernest | C19: – | D19: =CONCATENATE(PL!A1,LO!A1,LO!D20) -> PL:L6 | E19: ↗
A20: 157 | B20: Bujak Adam | C20: – | D20: =CONCATENATE(PL!A1,LO!A1,LO!D20) -> PL:L6 | E20: ↗
A21: 162 | B21: Burgess Anthony | C21: – | D21: =CONCATENATE(About!A1,About!B72) -> A31 | E21: ↗
A22: 164 | B22: Butko Peter | C22: – | D22: =CONCATENATE(EN!A1,EN!D22) -> EN:177 | E22: / | F22: =CONCATENATE(SK!A1,SK!D4) -> SK:9
A23: 167 | B23: Cameron, James | C23: – | D23: =CONCATENATE(About!A1,About!B87) -> A297 | E23: ↗
A24: 202 | B24: Clooney George | C24: – | D24: =CONCATENATE(About!A1,About!B87) -> A297 | E24: ↗
A25: 214 | B25: Czabański Krzysztof | C25: – | D25: =CONCATENATE(PL!A1,LO!A1,LO!D23) -> PL:L7 | E25: ↗
A26: 245 | B26: Dennett Daniel C. | C26: – | D26: =CONCATENATE(About!A1,About!B74) -> A32 | E26: ↗
A27: 250 | B27: Dick Philip K. = Дик Ф. (RU) | C27: – | D27: =CONCATENATE(About!A1,About!B63) -> A26 | E27: ↗
A28: 266 | B28: Drawicz Andrzej | C28: – | D28: =CONCATENATE(PL!A1,LO!A1,LO!D20) -> PL:L6 | E28: , | F28: =CONCATENATE(LO!A1,LO!D23) -> L7 | G28: ↗
A29: 281 | B29: Duszenko K. | C29: ( | D29: PL | E29: ) | F29: → | G29: Душенко К.
A30: 293 | B30: Eilstein Helena (Pośpieszalska Nelly) | C30: – | D30: =CONCATENATE(About!A1,About!B15) -> A10 | E30: , | F30: =CONCATENATE(About!A1,About!B28) -> A13 | G30: , | H30: =CONCATENATE(About!A1,About!B60) -> A24 | I30: ↗
A31: 310 | B31: Farmer Philip J. | C31: – | D31: =CONCATENATE(About!A1,About!B47) -> A16 | E31: ↗
A32: 321 | B32: Fiałkowski Tomasz = Фялковски Т. (BG), Фиалковски Т. (BG), Фиалковский Т. (RU), Фiалковськi Т. (UK) | C32: – | D32: =CONCATENATE(About!A1,About!B87) -> A297 | E32: ↗
A33: 326 | B33: Filipowicz Kornel | C33: – | D33: =CONCATENATE(PL!A1,LO!A1,LO!D9) -> PL:L3 | E33: ↗
A34: 327 | B34: Findeisen Władysław | C34: – | D34: =CONCATENATE(PL!A1,LO!A1,LO!D20) -> PL:L6 | E34: , | F34: =CONCATENATE(LO!A1,LO!D23) -> L7
A35: 332 | B35: Flaszen Ludwik | C35: – | D35: =CONCATENATE(About!A1,About!B8) -> A5 | E35: ↗
A36: 379 | B36: Geremek Bronisław | C36: – | D36: =CONCATENATE(PL!A1,LO!A1,LO!D18) -> PL:L5 | E36: , | F36: =CONCATENATE(LO!A1,LO!D23) -> L7 | G36: ↗
A37: 410 | B37: Gomułka Jakub = Гомулка Я. (RU,UK), Ґомулка Я. (UK) | C37: – | D37: =CONCATENATE(PL!A1,PL!D62) -> PL:2141 | E37: , | F37: =PL!D68 -> 2192
A38: 440 | B38: Griese Friedrich | C38: – | D38: =CONCATENATE(DE!A1,DE!D4,".",DE!E14) -> DE:176.9 | E38: , | F38: =DE!D30 -> 281 | G38: , | H38: =DE!D51 -> 318 | I38: ,
A39: 473 | B39: Gunn James | C39: – | D39: =CONCATENATE(About!A1,About!B63) -> A26 | E39: ↗
A40: 482 | B40: Hall Aleksander | C40: – | D40: =CONCATENATE(PL!A1,LO!A1,LO!D23) -> PL:L7 | E40: ↗
A41: 488 | B41: Hasselblatt Dieter | C41: – | D41: =CONCATENATE(About!A1,About!B60) -> A24 | E41: , | F41: =CONCATENATE(About!A1,About!B72) -> A31 | G41: ↗
A42: 503 | B42: Herburger Günter | C42: – | D42: =CONCATENATE(About!A1,About!B65) -> A27 | E42: , | F42: =CONCATENATE(About!A1,About!B72) -> A31
A43: 514 | B43: Hofstadter Douglas R. | C43: – | D43: =CONCATENATE(About!A1,About!B74) -> A32 | E43: ↗
A44: 528 | B44: Hurwic Józef | C44: – | D44: =CONCATENATE(About!A1,About!B15) -> A10 | E44: ↗
A45: 544 | B45: Jabłoński Henryk | C45: – | D45: =CONCATENATE(PL!A1,LO!A1,LO!D9) -> PL:L3 | E45: ↗
A46: 568 | B46: Jaruzelski Wojciech | C46: – | D46: =CONCATENATE(PL!A1,LO!A1,LO!D18) -> PL:L5 | E46: ↗
A47: 570 | B47: Jarzębski Jerzy = Яжембски Й. (BG), Яжембский Е. (RU), Яжэмбскi Е. (BE) | C47: – | D47: =CONCATENATE(PL!A1,PL!D43) -> PL:1026 | E47: , | F47: =DE!D30 -> 281 | G47: / | H47: =CONCATENATE(About!A1,About!B60) -> A24 | I47: , | J47: =CONCATENATE(About!A1,About!B72) -> A31
A48: 574 | B48: Jaźniewicz Wiktor | C48: ( | D48: =CONCATENATE(PL!I1,",",DE!I1,",",EN!I1) -> PL,DE,EN | E48: ) | F48: → | G48: Язневич В.
A49: 575 | B49: Jaзневич Виктор | C49: ( | D49: =CONCATENATE(MK!I1) -> MK | E49: ) | F49: → | G49: Язневич В.
A50: 611 | B50: Kandel Michael = Кандель М. (RU), Кандэль М. (BE) | C50: – | D50: =CONCATENATE(About!A1,About!B58) -> A23 | E50: , | F50: =CONCATENATE(About!A1,About!B60) -> A24 | G50: , | H50: =CONCATENATE(About!A1,About!B65) -> A27 | I50: , | J50: =CONCATENATE(About!A1,About!B72) -> A31
A51: 656 | B51: Kijowski Andrzej | C51: – | D51: =CONCATENATE(About!A1,About!B2) -> A1 | E51: , | F51: =CONCATENATE(About!A1,About!B17) -> A11 | G51: ↗
A52: 664 | B52: Kisielewski Stefan | C52: – | D52: =CONCATENATE(PL!A1,LO!A1,LO!D18) -> PL:L5 | E52: ↗
A53: 678 | B53: Kmita Jerzy | C53: – | D53: =CONCATENATE(About!A1,About!B50) -> A18 | E53: ↗
A54: 682 | B54: Kobiela Filip = Кобеля Ф. (RU,UK) | C54: – | D54: =CONCATENATE(PL!A1,PL!D62) -> PL:2141 | E54: , | F54: =PL!D68 -> 2192
A55: 703 | B55: Konwicki Tadeusz | C55: – | D55: =CONCATENATE(PL!A1,LO!A1,LO!D20) -> PL:L6 | E55: , | F55: =CONCATENATE(LO!A1,LO!D23) -> L7 | G55: ↗
A56: 734 | B56: Kozłowski Krzysztof | C56: – | D56: =CONCATENATE(PL!A1,LO!A1,LO!D23) -> PL:L7 | E56: ↗
A57: 741 | B57: Krajewski Władysław | C57: – | D57: =CONCATENATE(About!A1,About!B15) -> A10 | E57: ↗
A58: 782 | B58: Kurz Andrzej | C58: – | D58: =CONCATENATE(About!A1,About!B87) -> A297 | E58: ↗
A59: 784 | B59: Kuśniewicz Andrzej | C59: – | D59: =CONCATENATE(PL!A1,LO!A1,LO!D18) -> PL:L5 | E59: ↗
A60: 800 | B60: Lachat Pierre | C60: – | D60: =CONCATENATE(About!A1,About!B72) -> A31 | E60: ↗
A61: 803 | B61: Lange Horst | C61: – | D61: =CONCATENATE(About!A1,About!B58) -> A23 | E61: , | F61: =CONCATENATE(About!A1,About!B60) -> A24
A62: 820 | B62: Lem Anna | C62: – | D62: =CONCATENATE(About!A1,About!B87) -> A297 | E62: ↗
A63: 829 | B63: Leo Herta | C63: – | D63: =CONCATENATE(About!A1,About!B48) -> A17 | E63: , | F63: =CONCATENATE(About!A1,About!B60) -> A24
A64: 851 | B64: Lipski Jan Józef | C64: – | D64: =CONCATENATE(PL!A1,LO!A1,LO!D20) -> PL:L6 | E64: , | F64: =CONCATENATE(LO!A1,LO!D23) -> L7 | G64: ↗
A65: 886 | B65: Lutosławski Witold | C65: – | D65: =CONCATENATE(PL!A1,LO!A1,LO!D20) -> PL:L6 | E65: , | F65: =CONCATENATE(LO!A1,LO!D23) -> L7
A66: 905 | B66: Maciąg Włodzimierz | C66: – | D66: =CONCATENATE(About!A1,About!B10) -> A7 | E66: , | F66: =CONCATENATE(About!A1,About!B11) -> A8 | G66: , | H66: =CONCATENATE(About!A1,About!B58) -> A23 | I66: ↗
A67: 955 | B67: Mayer Hans Jürgen | C67: – | D67: =CONCATENATE(About!A1,About!B60) -> A24 | E67: , | F67: =CONCATENATE(About!A1,About!B72) -> A31 | G67: ↗
A68: 958 | B68: Mazowiecki Tadeusz | C68: – | D68: =CONCATENATE(PL!A1,LO!A1,LO!D18) -> PL:L5 | E68: , | F68: =CONCATENATE(LO!A1,LO!D23) -> L7 | G68: ↗
A69: 962 | B69: Mejbaum Wacław | C69: – | D69: =CONCATENATE(About!A1,About!B15) -> A10 | E69: ↗
A70: 976 | B70: Michnik Adam | C70: – | D70: =CONCATENATE(PL!A1,LO!A1,LO!D23) -> PL:L7 | E70: / | F70: =CONCATENATE(About!A1,About!B87) -> A297 | G70: ↗
A71: 982 | B71: Międzyrzecki Artur | C71: – | D71: =CONCATENATE(PL!A1,LO!A1,LO!D20) -> PL:L6 | E71: , | F71: =CONCATENATE(LO!A1,LO!D23) -> L7 | G71: ↗
A72: 995 | B72: Mitu Mihai | C72: – | D72: =CONCATENATE(RO!A1,RO!D4) -> RO:3 | E72: , | F72: =RO!D8 -> 5 | G72: , | H72: =RO!D9 -> 7
A73: 998 | B73: Mleczko Andrzej | C73: – | D73: =CONCATENATE(PL!A1,LO!A1,LO!D20) -> PL:L6 | E73: ↗
A74: 1084 | B74: Offutt Andrew | C74: – | D74: =CONCATENATE(About!A1,About!B63) -> A26 | E74: ↗
A75: 1099 | B75: Olszewski Jan | C75: – | D75: =CONCATENATE(PL!A1,LO!A1,LO!D23) -> PL:L7 | E75: ↗
A76: 1175 | B76: Plank Robert | C76: – | D76: =CONCATENATE(About!A1,About!B48) -> A17 | E76: , | F76: =CONCATENATE(About!A1,About!B58) -> A23 | G76: ↗
A77: 1243 | B77: Reuter Jens | C77: – | D77: =CONCATENATE(DE!A1,DE!D4) -> DE:176 | E77: , | F77: =CONCATENATE(DE!D15,".",DE!E17) -> 190.2 | G77: , | H77: =CONCATENATE(DE!D20,".",DE!E22) -> 204.2 | I77: , | J77: =DE!D29 -> 207 | K77: , | L77: =CONCATENATE(DE!D39,".",DE!E41) -> 291.2 | M77: , | N77: =CONCATENATE(DE!D43,".",DE!E45) -> 302.2 | O77: , | P77: =CONCATENATE(DE!D47,".",DE!E49) -> 316.2 | Q77: , | R77: =CONCATENATE(DE!D52,".",DE!E54) -> 392.2 | S77: , | T77: =CONCATENATE(DE!D56,".",DE!E58) -> 416.2 | U77: , | V77: =CONCATENATE(DE!D60,".",DE!E62) -> 436.2 | W77: , | X77: =CONCATENATE(DE!D64,".",DE!E66) -> 450.2 | Y77: , | Z77: =CONCATENATE(DE!D69,".",DE!E70) -> 476.1 | AA77: / | AB77: =CONCATENATE(About!A1,About!B60) -> A24 | AC77: , | AD77: =CONCATENATE(About!A1,About!B72) -> A31 | AE77: ↗
A78: 1255 | B78: Rodnianska (Rodnianskaia, Rodnjanskaja) Irina | C78: ( | D78: PL,EN,DE | E78: ) | F78: → | G78: Роднянская И.
A79: 1295 | B79: Ryszkiewicz Marcin | C79: – | D79: =CONCATENATE(PL!A1,LO!A1,LO!D23) -> PL:L7 | E79: , | F79: =CONCATENATE(About!A1,About!B87) -> A297 | G79: ↗
A80: 1383 | B80: Sławiński Janusz | C80: – | D80: =CONCATENATE(PL!A1,LO!A1,LO!D20) -> PL:L6 | E80: / | F80: =CONCATENATE(About!A1,About!B45) -> A15 | G80: ↗
A81: 1400 | B81: Solotaroff Theodore | C81: – | D81: =CONCATENATE(About!A1,About!B62) -> A25 | E81: ↗
A82: 1437 | B82: Strugaccy Arkadij i Borys | C82: ( | D82: =PL!$I$1 -> PL | E82: ) | F82: → | G82: Стругацкие А. и Б.
A83: 1438 | B83: Strugacki Borys | C83: ( | D83: =PL!$I$1 -> PL | E83: ) | F83: → | G83: Стругацкий Б.
A84: 1439 | B84: Strugatzki Arkadi und Boris | C84: ( | D84: =DE!I1 -> DE | E84: ) | F84: → | G84: Стругацкие А. и Б.
A85: 1441 | B85: Stryjkowski Julian | C85: – | D85: =CONCATENATE(PL!A1,LO!A1,LO!D18) -> PL:L5 | E85: ↗
A86: 1543 | B86: Tischner Józef | C86: – | D86: =CONCATENATE(PL!A1,LO!A1,LO!D20) -> PL:L6 | E86: , | F86: =CONCATENATE(LO!A1,LO!D23) -> L7 | G86: ↗
A87: 1545 | B87: Titow German | C87: ( | D87: DE | E87: ) | F87: → | G87: Титов Г.
A88: 1572 | B88: Updike John | C88: – | D88: =CONCATENATE(About!A1,About!B68) -> A29 | E88: ↗
A89: 1588 | B89: Vormweg Heinrich | C89: – | D89: =CONCATENATE(About!A1,About!B60) -> A24 | E89: , | F89: =CONCATENATE(About!A1,About!B72) -> A31 | G89: ↗
A90: 1692 | B90: Yaznevich Victor | C90: ( | D90: =EN!I1 -> EN | E90: ) | F90: → | G90: Язневич В.
A91: 1695 | B91: Zachwatowicz Krystyna | C91: – | D91: =CONCATENATE(PL!A1,LO!A1,LO!D9) -> PL:L3 | E91: , | F91: =CONCATENATE(LO!A1,LO!D20) -> L6 | G91: , | H91: =CONCATENATE(LO!A1,LO!D23) -> L7
A92: 1700 | B92: Zagryazhskiy Boris | C92: ( | D92: =EN!I1 -> EN | E92: ) | F92: → | G92: Загряжский Б.
A93: 1707 | B93: Zawada Andrzej | C93: – | D93: =CONCATENATE(PL!A1,LO!A1,LO!D20) -> PL:L6 | E93: ↗
A94: 1712 | B94: Zebrowski George | C94: – | D94: =CONCATENATE(About!A1,About!B63) -> A26 | E94: ↗
A95: 1715 | B95: Zemek Wojciech = Земек В. (RU) | C95: – | D95: =CONCATENATE(PL!A1,PL!D53) -> PL:1944 | E95: , | F95: =PL!D57 -> 2126 | G95: , | H95: =CONCATENATE(My!A1,My!D16) -> R11 | I95: / | J95: =CONCATENATE(EN!A1,EN!D4) -> EN:152a | S95: ,
A96: 1730 | B96: Zimmermann-Göllheim Irmtraud | C96: – | D96: =CONCATENATE(About!A1,About!B28) -> A13 | E96: , | F96: =CONCATENATE(About!A1,About!B48) -> A17 | G96: , | H96: =CONCATENATE(About!A1,About!B60) -> A24 | I96: ↗
A97: 1733 | B97: Zivkovic Zoran | C97: ( | D97: EN | E97: ) | F97: → | G97: Živković Z.
A98: 1752 | B98: Żuławski Juliusz | C98: – | D98: =CONCATENATE(PL!A1,LO!A1,LO!D20) -> PL:L6 | E98: , | F98: =CONCATENATE(LO!A1,LO!D23) -> L7
A99: 1798 | B99: Бжостек Дариуш | C99: ( | D99: RU | E99: ) | F99: → | G99: Brzostek D.
A100: 1799 | B100: Блонски Ян | C100: ( | D100: BG | E100: ) | F100: → | G100: Błoński J.
...

Sheet Prs
A1: ↗ | B1: Персона | C1: Personalie Stanisława Lema | D1: x | E1: r | F1: 1 | G1: 1a | H1: 2 | I1: 2a | J1: 3 | K1: 3a | L1: 4 | M1: 4a | N1: 5 | O1: 5aa | P1: 6 | Q1: 6a | R1: 7 | S1: 7a | T1: 8 | U1: 8a | V1: 9 | W1: 9 | X1: 10 | Y1: 10a | Z1: 11 | AA1: 11a | AB1: 12 | AC1: 12a | AD1: 13 | AE1: 13a | AF1: 14 | AG1: 14a | AH1: 15 | AI1: 15a | AJ1: 16 | AK1: 16a | AL1: 17 | AM1: 17a | AN1: 18 | AO1: 18a | AP1: 19 | AQ1: 19a | AR1: 20 | AS1: 20a | AT1: 21 | AU1: 21a | AV1: 22 | AW1: 22a | AX1: 23 | AY1: 23a | AZ1: 24 | BA1: 24a | BB1: 25 | BC1: 25a
A2: 1340 | B2: Эшби Уильям Росс | C2: Ashby William Ross | E2: – | F2: =CONCATENATE(PL!D6,":317") -> 126:317 | G2: , | H2: =CONCATENATE(PL!D19,".",PL!E24,";",PL!E27,";",PL!E28) -> 361.3.1;4.1;4.2
A3: 2180 | B3: Бар-Хиллел Иегошуа | C3: Bar-Hillel Jehoshua | E3: – | F3: =CONCATENATE(PL!D19,".",PL!E24) -> 361.3.1
A4: 2250 | B4: Барноу Дагмар | C4: Barnouw Dagmar | E4: – | F4: =CONCATENATE(My!A1,My!D56,".",My!E174) -> R19.105 | G4: ↗
A5: 2520 | C5: Bavelas Alexander | E5: – | F5: =CONCATENATE(PL!D6,":323") -> 126:323
A6: 2660 | B6: Бир Энтони Стаффорд | C6: Beer Anthony Stafford | E6: – | F6: =CONCATENATE(PL!D19,".",PL!E28) -> 361.4.2
A7: 2670 | B7: Бетховен Людвиг ван | C7: Beethoven Ludwig von | E7: – | F7: =[2]PerW!$C$3 -> W20
A8: 3290 | B8: Берталанфи Л | C8: Bertalanffy Ludwig von | E8: – | F8: =CONCATENATE(PL!D6,":321") -> 126:321
A9: 3320 | B9: Бертель Вернер | C9: Berthel Werner | E9: – | F9: =CONCATENATE(My!A1,My!D56,".",My!E156) -> R19.89 | G9: ↗
A10: 4100 | B10: Бор Нильс Хенрик | C10: Bohr Niels Henrik | E10: – | F10: =CONCATENATE(DE!A1,DE!D4,".",DE!E14) -> DE:176.9
A11: 4140 | B11: Больцман Людвиг Эдуард | C11: Boltzmann Ludwig Eduard | E11: – | F11: =CONCATENATE(PL!D6,":320") -> 126:320
A12: 4280 | B12: Борхерс Элизабет | C12: Borchers Elisabeth | E12: – | F12: =CONCATENATE(My!A1,My!D56,".",My!E157) -> R19.90
A13: 4440 | B13: Босх Иероним [Ван Акен Ерун Антонисон] | C13: Bosch Hieronimus (van Aeken Jeroen Anthoniszoon) | E13: – | F13: =CONCATENATE(MK!A1,MK!D4,":#1") -> MK:3:#1
A14: 4570 | C14: Boy, Boy-Żeleński, zob. Żeleński Tadeusz
A15: 4820 | C15: Breughel Pieter | E15: – | F15: =CONCATENATE(MK!A1,MK!D4,":#1") -> MK:3:#1
A16: 4900 | B16: Бриллюэн Л | C16: Brillouin Léon Nicolas | E16: – | F16: =CONCATENATE(PL!D19,".",PL!E24) -> 361.3.1
A17: 5270 | B17: Брускин Дмитрий М. | C17: Bruskin Dmitrij (Брускин Д.М.) | E17: – | F17: =CONCATENATE(My!A1,My!D56,".",My!E117) -> R19.51 | G17: ↗
A18: 6390 | C18: Carlos Rash | E18: – | F18: =CONCATENATE(My!A1,My!D56,".",My!E196) -> R19.125
A19: 6400 | B19: Карнап Рудольф (1891-1970) | C19: Carnap Rudolf | E19: – | F19: =CONCATENATE(PL!D19,".",PL!E24) -> 361.3.1
A20: 6490 | B20: Кэрролл Джонатан | C20: Carroll Jonathan | E20: – | F20: =CONCATENATE(My!A1,My!D56,".",My!E197) -> R19.126
A21: 7320 | B21: Хомский Авраам Ноам (род. 1928) | C21: Chomsky Avram Noam | E21: – | F21: =CONCATENATE(PL!D19,".",PL!E24) -> 361.3.1
A22: 9130 | B22: Дарвин Чарлз Роберт | C22: Darwin Charles Robert, darwinizm | E22: – | F22: =CONCATENATE(DE!A1,DE!D4,".",DE!E14) -> DE:176.9
A23: 9730 | B23: Диккенс Чарлз | C23: Dickens Charles | E23: – | F23: =CONCATENATE(PL!D19,".",PL!E24) -> 361.3.1
A24: 10220 | B24: Достоевский Фёдор Михайлович (1821-1881) | C24: Dostojewski Fiodor (Достоевский Ф.М.) | E24: – | F24: =CONCATENATE(PL!D6,":308;309") -> 126:308;309 | G24: / | H24: =CONCATENATE(MK!A1,MK!D4,":#1") -> MK:3:#1
A25: 10440 | B25: Дрейфус Стюарт и Хьюберт, братья | C25: Dreyfus Stuart i Hubert | E25: – | F25: =CONCATENATE(PL!D19,".",PL!E24) -> 361.3.1
A26: 10790 | B26: Душенко Константин Васильевич (р. 1946) | C26: Duszenko Konstantin (Душенко К.В.) | E26: – | F26: =CONCATENATE(My!A1,My!D56,".",My!E102) -> R19.38 | G26: , | H26: =CONCATENATE(My!A1,My!D56,".",My!E118) -> R19.52 | I26: ↗
A27: 11160 | B27: Эйнштейн Альберт (1879-1955) | C27: Einstein Albert | E27: – | F27: =CONCATENATE(PL!D6,":41") -> 126:41 | G27: , | H27: =CONCATENATE(PL!D19,".",PL!E24) -> 361.3.1 | I27: / | J27: =CONCATENATE(DE!A1,DE!D4,".",DE!E14) -> DE:176.9
A28: 12550 | B28: Фонт Жан-Марк | C28: Font Jean-Marc | E28: – | F28: =CONCATENATE(PL!D19,".",PL!E24) -> 361.3.1
A29: 13650 | B29: Гаусс Карл Фридрих | C29: Gauss Carl Friedrich | E29: – | F29: =CONCATENATE(PL!D6,":274") -> 126:274
A30: 14030 | B30: Гиббс Джозайя Уиллард | C30: Gibbs Josiah Willard | E30: – | F30: =CONCATENATE(PL!D6,":321") -> 126:321 | G30: , | H30: =CONCATENATE(PL!D19,".",PL!E27) -> 361.4.1
A31: 15110 | B31: Гёдель Курт (1906-1978) | C31: Gödel Kurt | E31: – | F31: =CONCATENATE(PL!D6,":323") -> 126:323 | G31: / | H31: =CONCATENATE(MK!A1,MK!D4,":#2") -> MK:3:#2
A32: 18490 | B32: Хаксли Джулиан Сорелл = Гексли Дж | C32: Huxley Julian Sorell | E32: – | F32: =CONCATENATE(PL!D19,".",PL!E28) -> 361.4.2
A33: 19060 | B33: Иоанн креститель | C33: Jan Chrzciciel (Ioannes Baptista), święty | E33: – | F33: =[2]PerW!$C$9 -> W19 | G33: / | H33: =CONCATENATE(DE!A1,DE!D4,".",DE!E14) -> DE:176.9
A34: 20250 | B34: Кан Герман (1922-1983) | C34: Kahn Hermann | E34: – | F34: =CONCATENATE(PL!D19,".",PL!E21) -> 361.1
A35: 20600 | B35: Кант Иммануил (1724-1804) | C35: Kant Immanuel | E35: – | F35: =CONCATENATE(DE!A1,DE!D4,".",DE!E14) -> DE:176.9
A36: 20680 | B36: Капусьциньский Владислав (Капущинский) | C36: Kapuściński Władysław | E36: – | F36: =CONCATENATE(My!A1,My!D51) -> R14 | G36: , | H36: =CONCATENATE(My!A1,My!D56,".",My!E219) -> R19.146
A37: 21220 | B37: Кейнс Джон Мейнард | C37: Keynes John Maynard | E37: – | F37: =CONCATENATE(PL!D6,":201;202") -> 126:201;202
A38: 23500 | B38: Кулагина Ольга Сергеевна | C38: Kułagina Olga (Кулагина О.С.) | E38: – | F38: =CONCATENATE(PL!D19,".",PL!E27) -> 361.4.1
A39: 24310 | B39: Лаплас Пьер-Симон де (1749-1827) | C39: Laplace Pierre-Simon de | E39: – | F39: =CONCATENATE(PL!D19,".",PL!E28) -> 361.4.2 | G39: , | H39: =[2]PerW!$C$11 -> W30.7
A40: 24330 | B40: Ляпунов Алексей Андреевич | C40: Lapunow Aleksiej (Ляпунов А.А.) | E40: – | F40: =CONCATENATE(PL!D19,".",PL!E27) -> 361.4.1
A41: 26810 | C41: Mackiewicz-Cat Stanisław, zob. Cat-Mackiewicz Stanisław
A42: 27570 | C42: Markow Andriej (Марков А.А.) | E42: – | F42: =CONCATENATE(PL!D19,".",PL!E27) -> 361.4.1 | G42: , | H42: =CONCATENATE(PL!D19,".",PL!E28) -> 361.4.2
A43: 28240 | B43: МакКей Дэвид | C43: McKay David | E43: – | F43: =CONCATENATE(PL!D6,":322") -> 126:322
A44: 30860 | B44: Нейман Джон фон (1903-1957) | C44: Neumann John von | E44: – | F44: =CONCATENATE(PL!D6,":171;208;258") -> 126:171;208;258 | G44: , | H44: =CONCATENATE(PL!D19,".",PL!E24) -> 361.3.1
A45: 31590 | B45: Оккам Уильям (ок. 1285-1349) | C45: Ockham Wilhelm (William of Occam) | E45: – | F45: =CONCATENATE(PL!D19,".",PL!E27) -> 361.4.1
A46: 32840 | B46: Паскаль Блез (1623-1662) | C46: Pascal Blaise | E46: – | F46: =CONCATENATE(PL!D19,".",PL!E27) -> 361.4.1
A47: 35270 | B47: Кинью Жан-Клод | C47: Quiniou Jean-Claude | E47: – | F47: =CONCATENATE(PL!D19,".",PL!E24) -> 361.3.1
A48: 35750 | B48: H. Reichenbach: The Direction of Time. University California Press, 1956. [Przekład rosyjski, Moskwa 1962]. | C48: Reichenbach Hans | E48: – | F48: =CONCATENATE(PL!D19,".",PL!E27) -> 361.4.1
A49: 36780 | B49: Розенблатт Фрэнк | C49: Rosenblatt Francis | E49: – | F49: =CONCATENATE(PL!D19,".",PL!E28) -> 361.4.2
A50: 37310 | B50: Рассел Бертран Артур Уильям (1872-1970) | C50: Russell Bertrand Arthur William | E50: – | F50: =CONCATENATE(PL!D6,":315") -> 126:315 | G50: , | H50: =CONCATENATE(PL!D19,".",PL!E24) -> 361.3.1
A51: 37560 | B51: Сахс Джеффри | C51: Sachs Jeffrey David | E51: – | F51: =CONCATENATE(PL!D6,":321") -> 126:321
A52: 38810 | B52: Шеннон Клод Элвуд (1916-2001) | C52: Shannon Claude Elwood | E52: – | F52: =CONCATENATE(PL!D6,":322") -> 126:322 | G52: , | H52: =CONCATENATE(PL!D19,".",PL!E24) -> 361.3.1
A53: 40450 | B53: Спиноза Бенедикт (1632-1677) | C53: Spinoza Benedict de | E53: – | F53: =CONCATENATE(DE!B1,DE!D4,".",DE!E14) -> 176.9
A54: 42070 | B54: Щепаньский Ян | C54: Szczepański Jan | E54: – | F54: =CONCATENATE(PL!D19,".",PL!E25) -> 361.3.2
A55: 42820 | C55: Taube Mortimer | E55: – | F55: =CONCATENATE(PL!D19,".",PL!E24) -> 361.3.1
A56: 43970 | B56: Тьюринг Алан Матисон (1912-1954) | C56: Turing Alan Mathison | E56: – | F56: =CONCATENATE(PL!D6,":317") -> 126:317 | G56: , | H56: =CONCATENATE(PL!D19,".",PL!E24) -> 361.3.1
A57: 45530 | B57: Ватсон | C57: Watson John Broadus | E57: – | F57: =CONCATENATE(PL!D19,".",PL!E28) -> 361.4.2
A58: 46140 | B58: Уайтхед А | C58: Whitehead Alfred North | E58: – | F58: =CONCATENATE(PL!D19,".",PL!E24) -> 361.3.1
A59: 46220 | B59: Винер Энтони | C59: Wiener Anthony J. | E59: – | F59: =CONCATENATE(PL!D19,".",PL!E21) -> 361.1
A60: 46230 | B60: Винер Норберт (1894-1964) | C60: Wiener Norbert | E60: – | F60: =CONCATENATE(PL!D19,".",PL!E24) -> 361.3.1 | G60: / | H60: =CONCATENATE(MK!A1,MK!D4,":#2") -> MK:3:#2
A61: 46530 | B61: Вильсон Чарлз Томсон Рис | C61: Wilson Charles Thomson Rees | E61: – | F61: =CONCATENATE(PL!D6,":97") -> 126:97

Sheet Wyd
A1: 415 | B1: Razem: 1192 książek w 415 wydawnictwach | C1: , | D1: miasto | E1: ( | F1: =SUM(F2:F170)-10-2-2-1-1 -> 565 | G1: ) | H1: – | J1: 1 | K1: , | L1: =J1+1 -> 2 | M1: , | N1: =L1+1 -> 3 | O1: , | P1: =N1+1 -> 4 | Q1: , | R1: =P1+1 -> 5 | S1: , | T1: =R1+1 -> 6 | U1: , | V1: =T1+1 -> 7 | W1: , | X1: =V1+1 -> 8 | Y1: , | Z1: =X1+1 -> 9 | AA1: , | AB1: =Z1+1 -> 10 | AC1: , | AD1: =AB1+1 -> 11 | AE1: , | AF1: =AD1+1 -> 12 | AG1: , | AH1: =AF1+1 -> 13 | AI1: , | AJ1: =AH1+1 -> 14 | AK1: , | AL1: =AJ1+1 -> 15 | AM1: , | AN1: =AL1+1 -> 16 | AO1: , | AP1: =AN1+1 -> 17 | AQ1: , | AR1: =AP1+1 -> 18 | AS1: , | AT1: =AR1+1 -> 19 | AU1: , | AV1: =AT1+1 -> 20 | AW1: ,
B2: A Harvest Book → Look: A Helen and Kurt Wolff Book…
B3: A Harvest/HBJ Book → Look: A Helen and Kurt Wolff Book…
A4: 2 | B4: Adelphi | C4: , | D4: Milano | E4: ( | F4: 1 | G4: ) | H4: – | J4: =CONCATENATE(About!A1,About!B74,".",About!C78) -> A32.5
A5: 3 | B5: Agencja Autorska | C5: , | D5: W. | E5: ( | F5: 1 | G5: ) | H5: – | J5: =CONCATENATE(About!A1,About!B54,".",About!C55) -> A20.2
A6: 5 | B6: Agora | C6: , | D6: Bucureşti | E6: ( | F6: 1 | G6: ) | H6: – | I6: =RO!A1 -> RO: | J6: =RO!D9 -> 7
A7: 6 | B7: Agora SA | C7: , | D7: W. | E7: ( | F7: 36 | G7: ) | H7: – | I7: =PL!A1 -> PL: | J7: =PL!D56 -> 2083 | K7: , | L7: =CONCATENATE(PLF!A1,PLF!D4) -> F1 | M7: , | N7: =CONCATENATE(PLF!A1,PLF!D34) -> F33
A8: 11 | B8: Alfa Yayınları | C8: , | D8: İstanbul | E8: ( | F8: 1 | G8: ) | H8: – | J8: =CONCATENATE(About!A1,About!B74,".",About!C83) -> A32.10
A9: 13 | B9: Arbeitkulturverlag | C9: , | D9: Essen | E9: ( | F9: 1 | G9: ) | H9: – | J9: =CONCATENATE(About!A1,About!B57) -> A22
A10: 18 | B10: Basic Books | C10: , | D10: N.Y. | E10: ( | F10: 1 | G10: ) | H10: – | J10: =CONCATENATE(About!A1,About!B74) -> A32
A11: 24 | B11: Berkley Medallion | C11: , | D11: N.Y. | E11: ( | F11: 1 | G11: ) | H11: – | J11: =CONCATENATE(About!A1,About!B32,".",About!C33,".",About!C34) -> A14.1.2
A12: 25 | B12: Berkley Publishing | C12: , | D12: N.Y. | E12: ( | F12: 2 | G12: ) | H12: – | J12: =CONCATENATE(About!A1,About!B32,".",About!C33,".",About!C36) -> A14.1.4 | K12: , | L12: =CONCATENATE(About!A1,About!B32,".",About!C33,".",About!C37) -> A14.1.5
A13: 41 | B13: Círculo do Livro | C13: , | D13: Rio de Janeiro | E13: ( | F13: 1 | G13: ) | H13: – | J13: =CONCATENATE(About!A1,About!B32,".",About!C43,".",About!C43) -> A14.3.3
A14: 42 | B14: Collegium Columbinum | C14: , | D14: K.: | E14: ( | F14: 1 | G14: ) | H14: – | I14: =PL!A1 -> PL: | J14: =CONCATENATE([2]We!$H$1,[2]We!$C$242) -> W60
A15: 45 | B15: Contact | C15: , | D15: Amsterdam | E15: ( | F15: 1 | G15: ) | H15: – | I15: =NL!A1 -> NL: | J15: =CONCATENATE(About!A1,About!B74,".",About!C79) -> A32.6
A16: 67 | B16: Editura Universităţii din Bucureşti | C16: , | D16: Bucureşti | E16: ( | F16: 1 | G16: ) | H16: – | I16: =RO!A1 -> RO: | J16: =RO!D8 -> 5
A17: 75 | B17: Francisco Alves | C17: , | D17: Rio de Janeiro | E17: ( | F17: 1 | G17: ) | H17: – | J17: =CONCATENATE(About!A1,About!B32,".",About!C43,".",About!C42) -> A14.3.2
A18: 99 | B18: InterEditions | C18: , | D18: Paris | E18: ( | F18: 1 | G18: ) | H18: – | J18: =CONCATENATE(About!A1,About!B74,".",About!C80) -> A32.7
A19: 100 | B19: Insel Verlag | C19: , | D19: F.a.M., B. | E19: ( | F19: 39 | G19: ) | H19: – | I19: =DE!A1 -> DE: | J19: =DE!D15 -> 190 | K19: , | L19: =DE!D20 -> 204 | M19: , | N19: =DE!D24 -> 205 | O19: , | P19: =DE!D29 -> 207 | Q19: , | R19: =DE!D68 -> 471a | S19: / | T19: =CONCATENATE(About!A1,About!B60) -> A24
A20: 103 | B20: Instytut Literatury | C20: , | D20: K. | E20: ( | F20: 1 | G20: ) | H20: – | J20: =CONCATENATE(About!A1,About!B17,".",About!C19) -> A11.2
A21: 104 | B21: Instytut Pamięci Narodowej | C21: , | D21: W. | E21: ( | F21: 2 | G21: ) | H21: – | I21: =PL!A1 -> PL: | J21: =CONCATENATE(LO!A1,LO!D3,".",LO!E5) -> L1.2
A22: 105 | B22: Interart | C22: , | D22: W. | E22: ( | F22: 18 | G22: ) | H22: – | I22: =PL!A1 -> PL: | J22: =PL!D39 -> 1025 | K22: , | L22: =PL!D43 -> 1026
A23: 114 | B23: Klett-Cotta | C23: , | D23: Stuttgart | E23: ( | F23: 1 | G23: ) | H23: – | J23: =CONCATENATE(About!A1,About!B74,".",About!C75) -> A32.2
A24: 118 | B24: Knopf Alfred A. | C24: , | D24: N.Y. | E24: ( | F24: 1 | G24: ) | H24: – | J24: =CONCATENATE(About!A1,About!B68,".",About!C70) -> A29.2
A25: 122 | B25: Krajowa Agencja Wydawnicza (KAW) | C25: , | D25: W. | E25: ( | F25: 3 | G25: ) | H25: – | J25: =CONCATENATE(About!A1,About!B71) -> A30
A26: 126 | B26: Księgarnia Akademicka | C26: , | D26: K. | E26: ( | F26: 3 | G26: ) | H26: – | I26: =PL!A1 -> PL: | J26: =CONCATENATE(LO!A1,LO!D3,".",LO!E4) -> L1.1
A27: 130 | B27: Lambert Academic Publishing | C27: , | D27: Saarbrücken | E27: ( | F27: 2 | G27: ) | H27: – | I27: =EN!A1 -> EN: | J27: =EN!D9 -> 158
A28: 138 | B28: Liverpool University Press | C28: , | D28: Liverpool | E28: ( | F28: 6 | G28: ) | H28: – | I28: =EN!A1 -> EN: | J28: =EN!D13 -> 171
A29: 143 | B29: Magnet-Press | C29: , | D29: Praha | E29: ( | F29: 2 | G29: ) | H29: – | I29: =CS!A1 -> CS: | J29: =CS!D4 -> 22
A30: 153 | B30: Mladinska knjiga | C30: , | D30: Ljubljana | E30: ( | F30: 1 | G30: ) | H30: – | J30: =CONCATENATE(About!A1,About!B74,".",About!C81) -> A32.8
A31: 161 | B31: Nemira | C31: , | D31: Bucureşti | E31: ( | F31: 2 | G31: ) | H31: – | I31: =RO!A1 -> RO: | J31: =RO!D4 -> 3
A32: 171 | B32: Oficyna Wydawnicza Nowa | C32: , | D32: L. | E32: ( | F32: 1 | G32: ) | H32: – | J32: =CONCATENATE(About!A1,About!B12,".",About!C14) -> A9.2
A33: 180 | B33: Państwowy Instytut Wydawniczy (PIW) | C33: , | D33: W. | E33: ( | F33: 2 | G33: ) | H33: – | J33: =CONCATENATE(About!A1,About!B54) -> A20
A34: 185 | B34: Peter Lang Verlag | C34: , | D34: Berlin | E34: ( | F34: 3 | G34: ) | H34: – | I34: =EN!A1 -> EN: | J34: =EN!D17 -> 172a
A35: 205 | B35: Publicações Europa-América | C35: , | D35: Mem Martins | E35: ( | F35: 2 | G35: ) | H35: – | J35: =CONCATENATE(About!A1,About!B32,".",About!C43,".",About!C41) -> A14.3.1 | K35: , | L35: =CONCATENATE(About!A1,About!B32,".",About!C43,".",About!C44) -> A14.3.4
A36: 206 | B36: PWN (Państwowe Wydawnictwo Naukowe) | C36: , | D36: W. | E36: ( | F36: 6 | G36: ) | H36: – | J36: =CONCATENATE(About!A1,About!B56) -> A21
A37: 231 | B37: Sudamericana | C37: , | D37: Buenos Aires | E37: ( | F37: 1 | G37: ) | H37: – | J37: =CONCATENATE(About!A1,About!B74,".",About!C76) -> A32.3
A38: 232 | B38: Suhrkamp Verlag | C38: , | D38: F.a.M. | E38: ( | F38: 139 | G38: ) | H38: – | I38: =DE!A1 -> DE: | J38: =DE!D4 -> 176 | K38: , | L38: =DE!D30 -> 281 | M38: , | N38: =DE!D34 -> 285 | O38: , | P38: =DE!D39 -> 291 | Q38: , | R38: =DE!D43 -> 302 | S38: , | T38: =DE!D47 -> 316 | U38: , | V38: =DE!D51 -> 318 | W38: , | X38: =DE!D52 -> 392 | Y38: , | Z38: =DE!D56 -> 416 | AA38: , | AB38: =DE!D64 -> 450 | AC38: , | AD38: =DE!D69 -> 476 | AE38: / | AF38: =CONCATENATE(About!A1,About!B72) -> A31
A39: 236 | B39: TBS Britannica / TBSブリタニカ | C39: , | D39: Tokyo / 東京 | E39: ( | F39: 1 | G39: ) | H39: – | J39: =CONCATENATE(About!A1,About!B74,".",About!C77) -> A32.4
A40: 238 | B40: Technische Hochschule | C40: , | D40: Darmstadt, Niemcy | E40: ( | F40: 1 | G40: ) | H40: – | I40: =PL!A1 -> PL: | J40: =PL!D38 -> 643a
A41: 240 | B41: The MIT Press | C41: , | D41: Cambridge, London | E41: ( | F41: 2 | G41: ) | H41: – | I41: =EN!A1 -> EN: | J41: =EN!D22 -> 177
A42: 241 | B42: The Science Fiction Book Club | C42: , | D42: L. | E42: ( | F42: 1 | G42: ) | H42: – | J42: =CONCATENATE(About!A1,About!B32,".",About!C33,".",About!C35) -> A14.1.3
A43: 266 | B43: Walker & Co. | C43: , | D43: N.Y. | E43: ( | F43: 1 | G43: ) | H43: – | J43: =CONCATENATE(About!A1,About!B32,".",About!C33,".",About!C33) -> A14.1.1
A44: 280 | B44: Wydawnictwo Aletheia | C44: , | D44: W. | E44: ( | F44: 2 | G44: ) | H44: – | I44: =PL!A1 -> PL: | J44: =PL!D62 -> 2141 | K44: , | L44: =PL!D68 -> 2192 | M44: , | N44: =PL!D19 -> 361 | O44: , | P44: =PL!D29 -> 539 | Q44: , | R44: =PL!D52 -> 1510 | S44: , | T44: =PL!D53 -> 1944 | U44: , | V44: =PL!D66 -> 2161 | W44: , | X44: =PL!D67 -> 2190 | Y44: , | Z44: =CONCATENATE(LO!A1,LO!D3,".",LO!E6) -> L1.3 | AA44: / | AB44: =CONCATENATE(About!A1,About!B2,".",About!C4) -> A1.2
A45: 289 | B45: Wydawnictwo Literackie | C45: , | D45: K. | E45: ( | F45: 185 | G45: ) | H45: – | I45: =PL!A1 -> PL: | J45: =PL!D6 -> 126
A46: 328 | B46: Антолог | C46: , | D46: Скопjе | E46: ( | F46: 1 | G46: ) | H46: – | I46: =MK!A1 -> MK: | J46: =MK!D4 -> 3
A47: 329 | B47: АСТ | C47: , | D47: М. | E47: ( | F47: 85 | G47: ) | H47: – | I47: =RU!A1 -> RU: | J47: =RU!D13 -> 478
A48: 331 | B48: БГУ им. В.И. Ленина | C48: , | D48: Минск | E48: ( | F48: 1 | G48: ) | H48: – | J48: =CONCATENATE(About!A1,About!B67) -> A28
A49: 342 | B49: Детская литература | C49: , | D49: М. | E49: ( | F49: 1 | G49: ) | H49: – | J49: =CONCATENATE(About!A1,About!B20,".",About!C21,".",About!C21) -> A12.1.1
A50: 350 | B50: Издательский Дом «Бахрах-М» | C50: , | D50: Самара | E50: ( | F50: 1 | G50: ) | H50: – | J50: =CONCATENATE(About!A1,About!B74,".",About!C82) -> A32.9
A51: 358 | B51: ИНИОН | C51: , | D51: М. | E51: ( | F51: 2 | G51: ) | H51: – | I51: =RU!A1 -> RU: | J51: =RU!D6 -> 182
A52: 375 | B52: Молодая гвардия | C52: , | D52: М. | E52: ( | F52: 9 | G52: ) | H52: – | J52: =CONCATENATE(About!A1,About!B20,".",About!C21,".",About!C22) -> A12.1.2
A53: 393 | B53: РИФ «Бегемот» | C53: , | D53: Пермь | E53: ( | F53: 1 | G53: ) | H53: – | I53: =RU!A1 -> RU: | J53: =RU!D6 -> 182
A54: 408 | B54: «Центавр» ТОО | C54: , | D54: Абакан | E54: ( | F54: 1 | G54: ) | H54: – | I54: =RU!A1 -> RU: | J54: =RU!D6 -> 182

Sheet IMN
A1: @ | C1: . | D1: Indeks monografii naukowych | E1: , | F1: rok | G1: . | H1: = | I1: 1 | J1: , | K1: 2 | L1: , | M1: 3 | N1: , | O1: 4 | P1: , | Q1: 5 | R1: , | S1: 6 | T1: , | U1: 7 | V1: , | W1: 8 | X1: , | Y1: 9 | Z1: , | AA1: 10 | AB1: , | AC1: 11 | AD1: ,
A2: W twórczości Stanisława Lema – zarówno beletrystycznej, jak i dyskursywnej – można wyróżnić trzy główne tematy, które zgłębiał przez całe życie: KOSMOS, ŻYCIE i ROZUM, ich POWSTANIE i EWOLUCJĘ, przy czym beletrystyka grała często rolę ilustracji dociekań zawartych w prozie dyskursywnej.
A3: Niestety nie wszyscy czytelnicy i badacze twórczości Stanisława Lema – pisarza i myśliciela światowej sławy – mogą zapoznać się w swoim języku z jego filozoficznymi refleksjami.
A4: W pełni docenić ten aspekt jego twórczości mogą jedynie ci, którzy znają język polski, niemiecki lub rosyjski – bowiem tylko w tych językach zostały opublikowane wszystkie najważniejsze eseje oraz liczne artykuły Lema.
A5: Poniższa bibliografia pozwala ocenić, jak szeroko dzieła te rozprzestrzeniły się w świecie, ilu czytelników może dzięki nim zapoznać się z ideami krakowskiego myśliciela.
A6: @ | B6: 1 | C6: . | D6: Dialogi | E6: , | F6: 1957 | G6: . | H6: =@ | I6: =CONCATENATE(PL!A1,PL!D6) -> PL:126 | J6: , | K6: =CONCATENATE(PL!D19," [wyd.2 poszerzone, 1972]") -> 361 [wyd.2 poszerzone, 1972] | L6: , | M6: =CONCATENATE(PL!D29," [wyd.3, 1984]") -> 539 [wyd.3, 1984] | N6: , | O6: =CONCATENATE(PL!D39,"+",PL!D43," [wyd.4, 1996]") -> 1025+1026 [wyd.4, 1996] | P6: , | Q6: =CONCATENATE(PL!D52," [wyd.5, 2001]") -> 1510 [wyd.5, 2001] | R6: , | S6: =CONCATENATE(PL!D56," [wyd.6, 2010]") -> 2083 [wyd.6, 2010] | AD6: .
D7: Tłumaczenia calkiem | H7: :
H8: – | I8: =CONCATENATE(DE!A1,DE!D4," [1980]") -> DE:176 [1980] | J8: , | K8: =CONCATENATE(DE!D29," [1981]") -> 207 [1981] | L8: ;
H9: – | I9: =CONCATENATE(EN!A1,EN!D22," [2021]") -> EN:177 [2021] | J9: ;
H10: – | I10: =CONCATENATE(RU!A1,RU!D13," [2005]") -> RU:478 [2005] | J10: . | AD10: .
A11: @ | B11: 2 | C11: . | D11: Summa technologiae | E11: , | F11: 1964 | G11: . | H11: (…) | AD11: .
A12: @ | B12: 3 | C12: . | D12: Filozofia przypadku | E12: , | F12: 1968 | G12: . | H12: (…)
A13: @ | B13: 4 | C13: . | D13: Fantastyka i futurologia | E13: , | F13: 1970 | G13: . | H13: (…)
A14: @ | B14: 5 | C14: . | D14: Rozprawy i szkice, 1975, Mój pogląd na literaturę, 2003 | G14: . | H14: (…) | AD14: .
A15: @ | B15: 6 | C15: . | D15: Rozmowy ze Stanisławem Lemem, 1987, Tako rzecze… Lem, 2002 (Ze Stanisławem Lemem rozmawiał Stanisław Bereś) | G15: . | H15: (…)
A16: @ | B16: 7 | C16: . | D16: Die Vergangenheit der Zukunft / Przeszłość Przyszłości | E16: , | F16: 1992 | G16: . | H16: (…)
A17: @ | B17: 8 | C17: . | D17: Moloch (Tajemnica chińskiego pokoju + Bomba megabitowa) | E17: , | F17: 2003 (1996 + 1999) | G17: . | H17: (…)
A18: @ | B18: 9 | C18: . | D18: Okamgnienie | E18: , | F18: 2000 | G18: . | H18: (…) | AD18: .
A19: @ | B19: 10 | C19: . | D19: Golem XIV | E19: , | F19: 1973 | G19: . | H19: (…)
A20: Damy kilka słów o „Golemie XIV”, skoro w gruncie rzeczy jest dziełem beletrystycznym.
A21: „Golem XIV” zajmuje szczególne miejsce – w pewnym sense on wieńczy całą twórczość Lema, przedstawiając podstawowe naukowe hipotezy pisarza-filozofa w formie wykładów superkomputera Golema XIV, a to znaczy samego Lema:
A22: „Ponieważ Golem w niejakim sensie to ja, a co ważniejsze, gdy usunąć szminkę i rekwizyty, wyrażone tam tezy są rzeczywistym moim przekonaniem. (...) Nie mogę powiedzieć po prostu, że ja słowa w słowa to i tak myślę, ze znakiem asercji kategorycznej, jak tam to 'stoi napisane', lecz KIERUNEK jest wyrazem prawdziwych moich przeświadczeń”
A23: Wypowiedzenie tych hipotez było bardzo ważne dla Lema:
A24: „Przed istotą Wszechwiedzącą sprowadzę wszystkie moje pytania do jednego: Co ma sens, a co jest nonsensem w wykładach wymyślonego przeze mnie Kolosa sztucznej inteligencji zwanego Golem XIV?”
A25: @ | D25: Tłumaczenia calkiem (tekst odpowiednio wydaniam polskim w czasie tłumaczenia):
H26: (…)
AB27: ,
AB35: ,
AD39: .

Sheet Czas
A1: Indeks Czasopismów (z tekstami Non Fiction S. Lema)
A4: Razem: 4462 numerów 843 czasopismów
A5: W językach:
A6: 1) BE: 9 numerów 6 czasopismów
A7: 2) BG: 21 > 17
A8: 3) CS: 29 > 21
A9: 4) DE: 267 > 127
A10: 5) EL: 1 > 1
A11: 6) EN: 144 > 62
A12: 7) ES: 16 > 13
A13: 8) ET: 12 > 10
A14: 9) FI: 3 > 3
... A93: Юный техник (М.) – RU: 1975: 12
