Workbook

Sheet yaz-place-list
A1: city | B1: geonameid | L1: uri
A2: K. | B2: 3094802 | G2: =IFERROR(VLOOKUP(B2,data!$A:$J,10,FALSE()),"") -> E53_G96 | H2: =IFERROR(VLOOKUP(C2,data!$A:$J,10,FALSE()),"") | I2: =IFERROR(VLOOKUP(D2,data!$A:$J,10,FALSE()),"") | J2: =IFERROR(VLOOKUP(E2,data!$A:$J,10,FALSE()),"") | K2: =IFERROR(VLOOKUP(F2,data!$A:$J,10,FALSE()),"") | L2: =_xlfn.TEXTJOIN(" ",TRUE(),G2:K2) -> E53_G96
A3: K.: | B3: 3094802 | G3: =IFERROR(VLOOKUP(B3,data!$A:$J,10,FALSE()),"") -> E53_G96 | H3: =IFERROR(VLOOKUP(C3,data!$A:$J,10,FALSE()),"") | I3: =IFERROR(VLOOKUP(D3,data!$A:$J,10,FALSE()),"") | J3: =IFERROR(VLOOKUP(E3,data!$A:$J,10,FALSE()),"") | K3: =IFERROR(VLOOKUP(F3,data!$A:$J,10,FALSE()),"") | L3: =_xlfn.TEXTJOIN(" ",TRUE(),G3:K3) -> E53_G96
A4: Milano | B4: 3173435 | G4: =IFERROR(VLOOKUP(B4,data!$A:$J,10,FALSE()),"") -> E53_G121 | H4: =IFERROR(VLOOKUP(C4,data!$A:$J,10,FALSE()),"") | I4: =IFERROR(VLOOKUP(D4,data!$A:$J,10,FALSE()),"") | J4: =IFERROR(VLOOKUP(E4,data!$A:$J,10,FALSE()),"") | K4: =IFERROR(VLOOKUP(F4,data!$A:$J,10,FALSE()),"") | L4: =_xlfn.TEXTJOIN(" ",TRUE(),G4:K4) -> E53_G121
A5: N.Y. | B5: 5128581 | G5: =IFERROR(VLOOKUP(B5,data!$A:$J,10,FALSE()),"") -> E53_G130 | H5: =IFERROR(VLOOKUP(C5,data!$A:$J,10,FALSE()),"") | I5: =IFERROR(VLOOKUP(D5,data!$A:$J,10,FALSE()),"") | J5: =IFERROR(VLOOKUP(E5,data!$A:$J,10,FALSE()),"") | K5: =IFERROR(VLOOKUP(F5,data!$A:$J,10,FALSE()),"") | L5: =_xlfn.TEXTJOIN(" ",TRUE(),G5:K5) -> E53_G130
A6: W. | B6: 756135 | G6: =IFERROR(VLOOKUP(B6,data!$A:$J,10,FALSE()),"") -> E53_G218 | H6: =IFERROR(VLOOKUP(C6,data!$A:$J,10,FALSE()),"") | I6: =IFERROR(VLOOKUP(D6,data!$A:$J,10,FALSE()),"") | J6: =IFERROR(VLOOKUP(E6,data!$A:$J,10,FALSE()),"") | K6: =IFERROR(VLOOKUP(F6,data!$A:$J,10,FALSE()),"") | L6: =_xlfn.TEXTJOIN(" ",TRUE(),G6:K6) -> E53_G218
A7: Bucureşti | B7: 683506 | G7: =IFERROR(VLOOKUP(B7,data!$A:$J,10,FALSE()),"") -> E53_G29 | H7: =IFERROR(VLOOKUP(C7,data!$A:$J,10,FALSE()),"") | I7: =IFERROR(VLOOKUP(D7,data!$A:$J,10,FALSE()),"") | J7: =IFERROR(VLOOKUP(E7,data!$A:$J,10,FALSE()),"") | K7: =IFERROR(VLOOKUP(F7,data!$A:$J,10,FALSE()),"") | L7: =_xlfn.TEXTJOIN(" ",TRUE(),G7:K7) -> E53_G29
A8: İstanbul | B8: 745044 | G8: =IFERROR(VLOOKUP(B8,data!$A:$J,10,FALSE()),"") -> E53_G83 | H8: =IFERROR(VLOOKUP(C8,data!$A:$J,10,FALSE()),"") | I8: =IFERROR(VLOOKUP(D8,data!$A:$J,10,FALSE()),"") | J8: =IFERROR(VLOOKUP(E8,data!$A:$J,10,FALSE()),"") | K8: =IFERROR(VLOOKUP(F8,data!$A:$J,10,FALSE()),"") | L8: =_xlfn.TEXTJOIN(" ",TRUE(),G8:K8) -> E53_G83
A9: Essen | B9: 2928810 | G9: =IFERROR(VLOOKUP(B9,data!$A:$J,10,FALSE()),"") -> E53_G59 | H9: =IFERROR(VLOOKUP(C9,data!$A:$J,10,FALSE()),"") | I9: =IFERROR(VLOOKUP(D9,data!$A:$J,10,FALSE()),"") | J9: =IFERROR(VLOOKUP(E9,data!$A:$J,10,FALSE()),"") | K9: =IFERROR(VLOOKUP(F9,data!$A:$J,10,FALSE()),"") | L9: =_xlfn.TEXTJOIN(" ",TRUE(),G9:K9) -> E53_G59
A10: Rio de Janeiro | B10: 3451190 | G10: =IFERROR(VLOOKUP(B10,data!$A:$J,10,FALSE()),"") -> E53_G164 | H10: =IFERROR(VLOOKUP(C10,data!$A:$J,10,FALSE()),"") | I10: =IFERROR(VLOOKUP(D10,data!$A:$J,10,FALSE()),"") | J10: =IFERROR(VLOOKUP(E10,data!$A:$J,10,FALSE()),"") | K10: =IFERROR(VLOOKUP(F10,data!$A:$J,10,FALSE()),"") | L10: =_xlfn.TEXTJOIN(" ",TRUE(),G10:K10) -> E53_G164
A11: Amsterdam | B11: 2759794 | G11: =IFERROR(VLOOKUP(B11,data!$A:$J,10,FALSE()),"") -> E53_G2 | H11: =IFERROR(VLOOKUP(C11,data!$A:$J,10,FALSE()),"") | I11: =IFERROR(VLOOKUP(D11,data!$A:$J,10,FALSE()),"") | J11: =IFERROR(VLOOKUP(E11,data!$A:$J,10,FALSE()),"") | K11: =IFERROR(VLOOKUP(F11,data!$A:$J,10,FALSE()),"") | L11: =_xlfn.TEXTJOIN(" ",TRUE(),G11:K11) -> E53_G2
A12: Paris | B12: 2988507 | G12: =IFERROR(VLOOKUP(B12,data!$A:$J,10,FALSE()),"") -> E53_G148 | H12: =IFERROR(VLOOKUP(C12,data!$A:$J,10,FALSE()),"") | I12: =IFERROR(VLOOKUP(D12,data!$A:$J,10,FALSE()),"") | J12: =IFERROR(VLOOKUP(E12,data!$A:$J,10,FALSE()),"") | K12: =IFERROR(VLOOKUP(F12,data!$A:$J,10,FALSE()),"") | L12: =_xlfn.TEXTJOIN(" ",TRUE(),G12:K12) -> E53_G148
A13: F.a.M. | B13: 2925533 | G13: =IFERROR(VLOOKUP(B13,data!$A:$J,10,FALSE()),"") -> E53_G65 | H13: =IFERROR(VLOOKUP(C13,data!$A:$J,10,FALSE()),"") | I13: =IFERROR(VLOOKUP(D13,data!$A:$J,10,FALSE()),"") | J13: =IFERROR(VLOOKUP(E13,data!$A:$J,10,FALSE()),"") | K13: =IFERROR(VLOOKUP(F13,data!$A:$J,10,FALSE()),"") | L13: =_xlfn.TEXTJOIN(" ",TRUE(),G13:K13) -> E53_G65
... A15: Berlin | B15: 2950159 | G15: =IFERROR(VLOOKUP(B15,data!$A:$J,10,FALSE()),"") -> E53_G14 | H15: =IFERROR(VLOOKUP(C15,data!$A:$J,10,FALSE()),"") | I15: =IFERROR(VLOOKUP(D15,data!$A:$J,10,FALSE()),"") | J15: =IFERROR(VLOOKUP(E15,data!$A:$J,10,FALSE()),"") | K15: =IFERROR(VLOOKUP(F15,data!$A:$J,10,FALSE()),"") | L15: =_xlfn.TEXTJOIN(" ",TRUE(),G15:K15) -> E53_G14
A16: F.a.M., B. | B16: 2925533 | C16: 2950159 | G16: =IFERROR(VLOOKUP(B16,data!$A:$J,10,FALSE()),"") -> E53_G65 | H16: =IFERROR(VLOOKUP(C16,data!$A:$J,10,FALSE()),"") -> E53_G14 | I16: =IFERROR(VLOOKUP(D16,data!$A:$J,10,FALSE()),"") | J16: =IFERROR(VLOOKUP(E16,data!$A:$J,10,FALSE()),"") | K16: =IFERROR(VLOOKUP(F16,data!$A:$J,10,FALSE()),"") | L16: =_xlfn.TEXTJOIN(" ",TRUE(),G16:K16) -> E53_G65 E53_G14
A17: Stuttgart | B17: 2825297 | G17: =IFERROR(VLOOKUP(B17,data!$A:$J,10,FALSE()),"") -> E53_G187 | H17: =IFERROR(VLOOKUP(C17,data!$A:$J,10,FALSE()),"") | I17: =IFERROR(VLOOKUP(D17,data!$A:$J,10,FALSE()),"") | J17: =IFERROR(VLOOKUP(E17,data!$A:$J,10,FALSE()),"") | K17: =IFERROR(VLOOKUP(F17,data!$A:$J,10,FALSE()),"") | L17: =_xlfn.TEXTJOIN(" ",TRUE(),G17:K17) -> E53_G187
A18: Saarbrücken | B18: 2842647 | G18: =IFERROR(VLOOKUP(B18,data!$A:$J,10,FALSE()),"") -> E53_G170 | H18: =IFERROR(VLOOKUP(C18,data!$A:$J,10,FALSE()),"") | I18: =IFERROR(VLOOKUP(D18,data!$A:$J,10,FALSE()),"") | J18: =IFERROR(VLOOKUP(E18,data!$A:$J,10,FALSE()),"") | K18: =IFERROR(VLOOKUP(F18,data!$A:$J,10,FALSE()),"") | L18: =_xlfn.TEXTJOIN(" ",TRUE(),G18:K18) -> E53_G170
A19: Liverpool | B19: 2644210 | G19: =IFERROR(VLOOKUP(B19,data!$A:$J,10,FALSE()),"") -> E53_G104 | H19: =IFERROR(VLOOKUP(C19,data!$A:$J,10,FALSE()),"") | I19: =IFERROR(VLOOKUP(D19,data!$A:$J,10,FALSE()),"") | J19: =IFERROR(VLOOKUP(E19,data!$A:$J,10,FALSE()),"") | K19: =IFERROR(VLOOKUP(F19,data!$A:$J,10,FALSE()),"") | L19: =_xlfn.TEXTJOIN(" ",TRUE(),G19:K19) -> E53_G104
A20: Praha | B20: 3067696 | G20: =IFERROR(VLOOKUP(B20,data!$A:$J,10,FALSE()),"") -> E53_G157 | H20: =IFERROR(VLOOKUP(C20,data!$A:$J,10,FALSE()),"") | I20: =IFERROR(VLOOKUP(D20,data!$A:$J,10,FALSE()),"") | J20: =IFERROR(VLOOKUP(E20,data!$A:$J,10,FALSE()),"") | K20: =IFERROR(VLOOKUP(F20,data!$A:$J,10,FALSE()),"") | L20: =_xlfn.TEXTJOIN(" ",TRUE(),G20:K20) -> E53_G157
A21: Ljubljana | B21: 3196359 | G21: =IFERROR(VLOOKUP(B21,data!$A:$J,10,FALSE()),"") -> E53_G105 | H21: =IFERROR(VLOOKUP(C21,data!$A:$J,10,FALSE()),"") | I21: =IFERROR(VLOOKUP(D21,data!$A:$J,10,FALSE()),"") | J21: =IFERROR(VLOOKUP(E21,data!$A:$J,10,FALSE()),"") | K21: =IFERROR(VLOOKUP(F21,data!$A:$J,10,FALSE()),"") | L21: =_xlfn.TEXTJOIN(" ",TRUE(),G21:K21) -> E53_G105
A22: L. | B22: 2643743 | G22: =IFERROR(VLOOKUP(B22,data!$A:$J,10,FALSE()),"") -> E53_G107 | H22: =IFERROR(VLOOKUP(C22,data!$A:$J,10,FALSE()),"") | I22: =IFERROR(VLOOKUP(D22,data!$A:$J,10,FALSE()),"") | J22: =IFERROR(VLOOKUP(E22,data!$A:$J,10,FALSE()),"") | K22: =IFERROR(VLOOKUP(F22,data!$A:$J,10,FALSE()),"") | L22: =_xlfn.TEXTJOIN(" ",TRUE(),G22:K22) -> E53_G107
A23: Mem Martins | B23: 2266464 | G23: =IFERROR(VLOOKUP(B23,data!$A:$J,10,FALSE()),"") -> E53_G118 | H23: =IFERROR(VLOOKUP(C23,data!$A:$J,10,FALSE()),"") | I23: =IFERROR(VLOOKUP(D23,data!$A:$J,10,FALSE()),"") | J23: =IFERROR(VLOOKUP(E23,data!$A:$J,10,FALSE()),"") | K23: =IFERROR(VLOOKUP(F23,data!$A:$J,10,FALSE()),"") | L23: =_xlfn.TEXTJOIN(" ",TRUE(),G23:K23) -> E53_G118
A24: Buenos Aires | B24: 3435910 | G24: =IFERROR(VLOOKUP(B24,data!$A:$J,10,FALSE()),"") -> E53_G31 | H24: =IFERROR(VLOOKUP(C24,data!$A:$J,10,FALSE()),"") | I24: =IFERROR(VLOOKUP(D24,data!$A:$J,10,FALSE()),"") | J24: =IFERROR(VLOOKUP(E24,data!$A:$J,10,FALSE()),"") | K24: =IFERROR(VLOOKUP(F24,data!$A:$J,10,FALSE()),"") | L24: =_xlfn.TEXTJOIN(" ",TRUE(),G24:K24) -> E53_G31
A25: Tokyo / 東京 | B25: 1850147 | G25: =IFERROR(VLOOKUP(B25,data!$A:$J,10,FALSE()),"") -> E53_G203 | H25: =IFERROR(VLOOKUP(C25,data!$A:$J,10,FALSE()),"") | I25: =IFERROR(VLOOKUP(D25,data!$A:$J,10,FALSE()),"") | J25: =IFERROR(VLOOKUP(E25,data!$A:$J,10,FALSE()),"") | K25: =IFERROR(VLOOKUP(F25,data!$A:$J,10,FALSE()),"") | L25: =_xlfn.TEXTJOIN(" ",TRUE(),G25:K25) -> E53_G203
A26: Darmstadt, Niemcy | B26: 2938913 | G26: =IFERROR(VLOOKUP(B26,data!$A:$J,10,FALSE()),"") -> E53_G46 | H26: =IFERROR(VLOOKUP(C26,data!$A:$J,10,FALSE()),"") | I26: =IFERROR(VLOOKUP(D26,data!$A:$J,10,FALSE()),"") | J26: =IFERROR(VLOOKUP(E26,data!$A:$J,10,FALSE()),"") | K26: =IFERROR(VLOOKUP(F26,data!$A:$J,10,FALSE()),"") | L26: =_xlfn.TEXTJOIN(" ",TRUE(),G26:K26) -> E53_G46
A27: Cambridge, London | B27: 2653941 | C27: 2643743 | G27: =IFERROR(VLOOKUP(B27,data!$A:$J,10,FALSE()),"") -> E53_G36 | H27: =IFERROR(VLOOKUP(C27,data!$A:$J,10,FALSE()),"") -> E53_G107 | I27: =IFERROR(VLOOKUP(D27,data!$A:$J,10,FALSE()),"") | J27: =IFERROR(VLOOKUP(E27,data!$A:$J,10,FALSE()),"") | K27: =IFERROR(VLOOKUP(F27,data!$A:$J,10,FALSE()),"") | L27: =_xlfn.TEXTJOIN(" ",TRUE(),G27:K27) -> E53_G36 E53_G107
A28: Скопjе | B28: 785842 | G28: =IFERROR(VLOOKUP(B28,data!$A:$J,10,FALSE()),"") -> E53_G179 | H28: =IFERROR(VLOOKUP(C28,data!$A:$J,10,FALSE()),"") | I28: =IFERROR(VLOOKUP(D28,data!$A:$J,10,FALSE()),"") | J28: =IFERROR(VLOOKUP(E28,data!$A:$J,10,FALSE()),"") | K28: =IFERROR(VLOOKUP(F28,data!$A:$J,10,FALSE()),"") | L28: =_xlfn.TEXTJOIN(" ",TRUE(),G28:K28) -> E53_G179
A29: М. | B29: 524901 | G29: =IFERROR(VLOOKUP(B29,data!$A:$J,10,FALSE()),"") -> E53_G126 | H29: =IFERROR(VLOOKUP(C29,data!$A:$J,10,FALSE()),"") | I29: =IFERROR(VLOOKUP(D29,data!$A:$J,10,FALSE()),"") | J29: =IFERROR(VLOOKUP(E29,data!$A:$J,10,FALSE()),"") | K29: =IFERROR(VLOOKUP(F29,data!$A:$J,10,FALSE()),"") | L29: =_xlfn.TEXTJOIN(" ",TRUE(),G29:K29) -> E53_G126
A30: Минск | B30: 625144 | G30: =IFERROR(VLOOKUP(B30,data!$A:$J,10,FALSE()),"") -> E53_G123 | H30: =IFERROR(VLOOKUP(C30,data!$A:$J,10,FALSE()),"") | I30: =IFERROR(VLOOKUP(D30,data!$A:$J,10,FALSE()),"") | J30: =IFERROR(VLOOKUP(E30,data!$A:$J,10,FALSE()),"") | K30: =IFERROR(VLOOKUP(F30,data!$A:$J,10,FALSE()),"") | L30: =_xlfn.TEXTJOIN(" ",TRUE(),G30:K30) -> E53_G123
A31: Самара | B31: 499099 | G31: =IFERROR(VLOOKUP(B31,data!$A:$J,10,FALSE()),"") -> E53_G172 | H31: =IFERROR(VLOOKUP(C31,data!$A:$J,10,FALSE()),"") | I31: =IFERROR(VLOOKUP(D31,data!$A:$J,10,FALSE()),"") | J31: =IFERROR(VLOOKUP(E31,data!$A:$J,10,FALSE()),"") | K31: =IFERROR(VLOOKUP(F31,data!$A:$J,10,FALSE()),"") | L31: =_xlfn.TEXTJOIN(" ",TRUE(),G31:K31) -> E53_G172
A32: Пермь | B32: 511196 | G32: =IFERROR(VLOOKUP(B32,data!$A:$J,10,FALSE()),"") -> E53_G150 | H32: =IFERROR(VLOOKUP(C32,data!$A:$J,10,FALSE()),"") | I32: =IFERROR(VLOOKUP(D32,data!$A:$J,10,FALSE()),"") | J32: =IFERROR(VLOOKUP(E32,data!$A:$J,10,FALSE()),"") | K32: =IFERROR(VLOOKUP(F32,data!$A:$J,10,FALSE()),"") | L32: =_xlfn.TEXTJOIN(" ",TRUE(),G32:K32) -> E53_G150
A33: Абакан | B33: 1512236 | G33: =IFERROR(VLOOKUP(B33,data!$A:$J,10,FALSE()),"") -> E53_G1 | H33: =IFERROR(VLOOKUP(C33,data!$A:$J,10,FALSE()),"") | I33: =IFERROR(VLOOKUP(D33,data!$A:$J,10,FALSE()),"") | J33: =IFERROR(VLOOKUP(E33,data!$A:$J,10,FALSE()),"") | K33: =IFERROR(VLOOKUP(F33,data!$A:$J,10,FALSE()),"") | L33: =_xlfn.TEXTJOIN(" ",TRUE(),G33:K33) -> E53_G1
A34: Schweiz: Kanton Aargau | B34: 2661876 | G34: =IFERROR(VLOOKUP(B34,data!$A:$J,10,FALSE()),"") -> E53_G0 | H34: =IFERROR(VLOOKUP(C34,data!$A:$J,10,FALSE()),"") | I34: =IFERROR(VLOOKUP(D34,data!$A:$J,10,FALSE()),"") | J34: =IFERROR(VLOOKUP(E34,data!$A:$J,10,FALSE()),"") | K34: =IFERROR(VLOOKUP(F34,data!$A:$J,10,FALSE()),"") | L34: =_xlfn.TEXTJOIN(" ",TRUE(),G34:K34) -> E53_G0
A35: Warsaw | B35: 756135 | G35: =IFERROR(VLOOKUP(B35,data!$A:$J,10,FALSE()),"") -> E53_G218 | H35: =IFERROR(VLOOKUP(C35,data!$A:$J,10,FALSE()),"") | I35: =IFERROR(VLOOKUP(D35,data!$A:$J,10,FALSE()),"") | J35: =IFERROR(VLOOKUP(E35,data!$A:$J,10,FALSE()),"") | K35: =IFERROR(VLOOKUP(F35,data!$A:$J,10,FALSE()),"") | L35: =_xlfn.TEXTJOIN(" ",TRUE(),G35:K35) -> E53_G218
A36: Melbourne, Australia | B36: 2158177 | G36: =IFERROR(VLOOKUP(B36,data!$A:$J,10,FALSE()),"") -> E53_G117 | H36: =IFERROR(VLOOKUP(C36,data!$A:$J,10,FALSE()),"") | I36: =IFERROR(VLOOKUP(D36,data!$A:$J,10,FALSE()),"") | J36: =IFERROR(VLOOKUP(E36,data!$A:$J,10,FALSE()),"") | K36: =IFERROR(VLOOKUP(F36,data!$A:$J,10,FALSE()),"") | L36: =_xlfn.TEXTJOIN(" ",TRUE(),G36:K36) -> E53_G117
A37: Lublin | B37: 765876 | G37: =IFERROR(VLOOKUP(B37,data!$A:$J,10,FALSE()),"") -> E53_G108 | H37: =IFERROR(VLOOKUP(C37,data!$A:$J,10,FALSE()),"") | I37: =IFERROR(VLOOKUP(D37,data!$A:$J,10,FALSE()),"") | J37: =IFERROR(VLOOKUP(E37,data!$A:$J,10,FALSE()),"") | K37: =IFERROR(VLOOKUP(F37,data!$A:$J,10,FALSE()),"") | L37: =_xlfn.TEXTJOIN(" ",TRUE(),G37:K37) -> E53_G108
A38: München | B38: 2867714 | G38: =IFERROR(VLOOKUP(B38,data!$A:$J,10,FALSE()),"") -> E53_G127 | H38: =IFERROR(VLOOKUP(C38,data!$A:$J,10,FALSE()),"") | I38: =IFERROR(VLOOKUP(D38,data!$A:$J,10,FALSE()),"") | J38: =IFERROR(VLOOKUP(E38,data!$A:$J,10,FALSE()),"") | K38: =IFERROR(VLOOKUP(F38,data!$A:$J,10,FALSE()),"") | L38: =_xlfn.TEXTJOIN(" ",TRUE(),G38:K38) -> E53_G127
A39: Novi Sad | B39: 3194360 | G39: =IFERROR(VLOOKUP(B39,data!$A:$J,10,FALSE()),"") -> E53_G135 | H39: =IFERROR(VLOOKUP(C39,data!$A:$J,10,FALSE()),"") | I39: =IFERROR(VLOOKUP(D39,data!$A:$J,10,FALSE()),"") | J39: =IFERROR(VLOOKUP(E39,data!$A:$J,10,FALSE()),"") | K39: =IFERROR(VLOOKUP(F39,data!$A:$J,10,FALSE()),"") | L39: =_xlfn.TEXTJOIN(" ",TRUE(),G39:K39) -> E53_G135
... A42: Dresden | B42: 2935022 | G42: =IFERROR(VLOOKUP(B42,data!$A:$J,10,FALSE()),"") -> E53_G53 | H42: =IFERROR(VLOOKUP(C42,data!$A:$J,10,FALSE()),"") | I42: =IFERROR(VLOOKUP(D42,data!$A:$J,10,FALSE()),"") | J42: =IFERROR(VLOOKUP(E42,data!$A:$J,10,FALSE()),"") | K42: =IFERROR(VLOOKUP(F42,data!$A:$J,10,FALSE()),"") | L42: =_xlfn.TEXTJOIN(" ",TRUE(),G42:K42) -> E53_G53
A43: Warszawa, Chicago, Sydney, Dortmund, Paryż | B43: 756135 | C43: 4887398 | D43: 2147714 | E43: 2935517 | F43: 2988507 | G43: =IFERROR(VLOOKUP(B43,data!$A:$J,10,FALSE()),"") -> E53_G218 | H43: =IFERROR(VLOOKUP(C43,data!$A:$J,10,FALSE()),"") -> E53_G40 | I43: =IFERROR(VLOOKUP(D43,data!$A:$J,10,FALSE()),"") -> E53_G188 | J43: =IFERROR(VLOOKUP(E43,data!$A:$J,10,FALSE()),"") -> E53_G52 | K43: =IFERROR(VLOOKUP(F43,data!$A:$J,10,FALSE()),"") -> E53_G148 | L43: =_xlfn.TEXTJOIN(" ",TRUE(),G43:K43) -> E53_G218 E53_G40 E53_G188 E53_G52 E53_G148
A44: Tarnobrzeg | B44: 757033 | G44: =IFERROR(VLOOKUP(B44,data!$A:$J,10,FALSE()),"") -> E53_G195 | H44: =IFERROR(VLOOKUP(C44,data!$A:$J,10,FALSE()),"") | I44: =IFERROR(VLOOKUP(D44,data!$A:$J,10,FALSE()),"") | J44: =IFERROR(VLOOKUP(E44,data!$A:$J,10,FALSE()),"") | K44: =IFERROR(VLOOKUP(F44,data!$A:$J,10,FALSE()),"") | L44: =_xlfn.TEXTJOIN(" ",TRUE(),G44:K44) -> E53_G195
A45: Paris, Francja | B45: 2988507 | G45: =IFERROR(VLOOKUP(B45,data!$A:$J,10,FALSE()),"") -> E53_G148 | H45: =IFERROR(VLOOKUP(C45,data!$A:$J,10,FALSE()),"") | I45: =IFERROR(VLOOKUP(D45,data!$A:$J,10,FALSE()),"") | J45: =IFERROR(VLOOKUP(E45,data!$A:$J,10,FALSE()),"") | K45: =IFERROR(VLOOKUP(F45,data!$A:$J,10,FALSE()),"") | L45: =_xlfn.TEXTJOIN(" ",TRUE(),G45:K45) -> E53_G148
A46: Radom | B46: 760778 | G46: =IFERROR(VLOOKUP(B46,data!$A:$J,10,FALSE()),"") -> E53_G160 | H46: =IFERROR(VLOOKUP(C46,data!$A:$J,10,FALSE()),"") | I46: =IFERROR(VLOOKUP(D46,data!$A:$J,10,FALSE()),"") | J46: =IFERROR(VLOOKUP(E46,data!$A:$J,10,FALSE()),"") | K46: =IFERROR(VLOOKUP(F46,data!$A:$J,10,FALSE()),"") | L46: =_xlfn.TEXTJOIN(" ",TRUE(),G46:K46) -> E53_G160
A47: Vilnius | B47: 593116 | G47: =IFERROR(VLOOKUP(B47,data!$A:$J,10,FALSE()),"") -> E53_G214 | H47: =IFERROR(VLOOKUP(C47,data!$A:$J,10,FALSE()),"") | I47: =IFERROR(VLOOKUP(D47,data!$A:$J,10,FALSE()),"") | J47: =IFERROR(VLOOKUP(E47,data!$A:$J,10,FALSE()),"") | K47: =IFERROR(VLOOKUP(F47,data!$A:$J,10,FALSE()),"") | L47: =_xlfn.TEXTJOIN(" ",TRUE(),G47:K47) -> E53_G214
A48: Budapest | B48: 3054643 | G48: =IFERROR(VLOOKUP(B48,data!$A:$J,10,FALSE()),"") -> E53_G30 | H48: =IFERROR(VLOOKUP(C48,data!$A:$J,10,FALSE()),"") | I48: =IFERROR(VLOOKUP(D48,data!$A:$J,10,FALSE()),"") | J48: =IFERROR(VLOOKUP(E48,data!$A:$J,10,FALSE()),"") | K48: =IFERROR(VLOOKUP(F48,data!$A:$J,10,FALSE()),"") | L48: =_xlfn.TEXTJOIN(" ",TRUE(),G48:K48) -> E53_G30
A49: Чикаго, США | B49: 4887398 | G49: =IFERROR(VLOOKUP(B49,data!$A:$J,10,FALSE()),"") -> E53_G40 | H49: =IFERROR(VLOOKUP(C49,data!$A:$J,10,FALSE()),"") | I49: =IFERROR(VLOOKUP(D49,data!$A:$J,10,FALSE()),"") | J49: =IFERROR(VLOOKUP(E49,data!$A:$J,10,FALSE()),"") | K49: =IFERROR(VLOOKUP(F49,data!$A:$J,10,FALSE()),"") | L49: =_xlfn.TEXTJOIN(" ",TRUE(),G49:K49) -> E53_G40
A50: Άθήνα | B50: 264371 | G50: =IFERROR(VLOOKUP(B50,data!$A:$J,10,FALSE()),"") -> E53_G5 | H50: =IFERROR(VLOOKUP(C50,data!$A:$J,10,FALSE()),"") | I50: =IFERROR(VLOOKUP(D50,data!$A:$J,10,FALSE()),"") | J50: =IFERROR(VLOOKUP(E50,data!$A:$J,10,FALSE()),"") | K50: =IFERROR(VLOOKUP(F50,data!$A:$J,10,FALSE()),"") | L50: =_xlfn.TEXTJOIN(" ",TRUE(),G50:K50) -> E53_G5
A51: Баку | B51: 587084 | G51: =IFERROR(VLOOKUP(B51,data!$A:$J,10,FALSE()),"") -> E53_G6 | H51: =IFERROR(VLOOKUP(C51,data!$A:$J,10,FALSE()),"") | I51: =IFERROR(VLOOKUP(D51,data!$A:$J,10,FALSE()),"") | J51: =IFERROR(VLOOKUP(E51,data!$A:$J,10,FALSE()),"") | K51: =IFERROR(VLOOKUP(F51,data!$A:$J,10,FALSE()),"") | L51: =_xlfn.TEXTJOIN(" ",TRUE(),G51:K51) -> E53_G6
A52: Кiровоград | B52: 705812 | G52: =IFERROR(VLOOKUP(B52,data!$A:$J,10,FALSE()),"") -> E53_G98 | H52: =IFERROR(VLOOKUP(C52,data!$A:$J,10,FALSE()),"") | I52: =IFERROR(VLOOKUP(D52,data!$A:$J,10,FALSE()),"") | J52: =IFERROR(VLOOKUP(E52,data!$A:$J,10,FALSE()),"") | K52: =IFERROR(VLOOKUP(F52,data!$A:$J,10,FALSE()),"") | L52: =_xlfn.TEXTJOIN(" ",TRUE(),G52:K52) -> E53_G98
A53: Тель-Авив | B53: 293397 | G53: =IFERROR(VLOOKUP(B53,data!$A:$J,10,FALSE()),"") -> E53_G199 | H53: =IFERROR(VLOOKUP(C53,data!$A:$J,10,FALSE()),"") | I53: =IFERROR(VLOOKUP(D53,data!$A:$J,10,FALSE()),"") | J53: =IFERROR(VLOOKUP(E53,data!$A:$J,10,FALSE()),"") | K53: =IFERROR(VLOOKUP(F53,data!$A:$J,10,FALSE()),"") | L53: =_xlfn.TEXTJOIN(" ",TRUE(),G53:K53) -> E53_G199
A54: Рига | B54: 456172 | G54: =IFERROR(VLOOKUP(B54,data!$A:$J,10,FALSE()),"") -> E53_G163 | H54: =IFERROR(VLOOKUP(C54,data!$A:$J,10,FALSE()),"") | I54: =IFERROR(VLOOKUP(D54,data!$A:$J,10,FALSE()),"") | J54: =IFERROR(VLOOKUP(E54,data!$A:$J,10,FALSE()),"") | K54: =IFERROR(VLOOKUP(F54,data!$A:$J,10,FALSE()),"") | L54: =_xlfn.TEXTJOIN(" ",TRUE(),G54:K54) -> E53_G163
A55: Львів | B55: 702550 | G55: =IFERROR(VLOOKUP(B55,data!$A:$J,10,FALSE()),"") -> E53_G110 | H55: =IFERROR(VLOOKUP(C55,data!$A:$J,10,FALSE()),"") | I55: =IFERROR(VLOOKUP(D55,data!$A:$J,10,FALSE()),"") | J55: =IFERROR(VLOOKUP(E55,data!$A:$J,10,FALSE()),"") | K55: =IFERROR(VLOOKUP(F55,data!$A:$J,10,FALSE()),"") | L55: =_xlfn.TEXTJOIN(" ",TRUE(),G55:K55) -> E53_G110
... A60: Barcelona | B60: 3128760 | G60: =IFERROR(VLOOKUP(B60,data!$A:$J,10,FALSE()),"") -> E53_G9 | H60: =IFERROR(VLOOKUP(C60,data!$A:$J,10,FALSE()),"") | I60: =IFERROR(VLOOKUP(D60,data!$A:$J,10,FALSE()),"") | J60: =IFERROR(VLOOKUP(E60,data!$A:$J,10,FALSE()),"") | K60: =IFERROR(VLOOKUP(F60,data!$A:$J,10,FALSE()),"") | L60: =_xlfn.TEXTJOIN(" ",TRUE(),G60:K60) -> E53_G9
A61: Basingstoke; L. | B61: 2656192 | C61: 2643743 | G61: =IFERROR(VLOOKUP(B61,data!$A:$J,10,FALSE()),"") -> E53_G10 | H61: =IFERROR(VLOOKUP(C61,data!$A:$J,10,FALSE()),"") -> E53_G107 | I61: =IFERROR(VLOOKUP(D61,data!$A:$J,10,FALSE()),"") | J61: =IFERROR(VLOOKUP(E61,data!$A:$J,10,FALSE()),"") | K61: =IFERROR(VLOOKUP(F61,data!$A:$J,10,FALSE()),"") | L61: =_xlfn.TEXTJOIN(" ",TRUE(),G61:K61) -> E53_G10 E53_G107
A62: Beijing / 北京 | B62: 1816670 | G62: =IFERROR(VLOOKUP(B62,data!$A:$J,10,FALSE()),"") -> E53_G12 | H62: =IFERROR(VLOOKUP(C62,data!$A:$J,10,FALSE()),"") | I62: =IFERROR(VLOOKUP(D62,data!$A:$J,10,FALSE()),"") | J62: =IFERROR(VLOOKUP(E62,data!$A:$J,10,FALSE()),"") | K62: =IFERROR(VLOOKUP(F62,data!$A:$J,10,FALSE()),"") | L62: =_xlfn.TEXTJOIN(" ",TRUE(),G62:K62) -> E53_G12
A63: Beograd | B63: 792680 | G63: =IFERROR(VLOOKUP(B63,data!$A:$J,10,FALSE()),"") -> E53_G13 | H63: =IFERROR(VLOOKUP(C63,data!$A:$J,10,FALSE()),"") | I63: =IFERROR(VLOOKUP(D63,data!$A:$J,10,FALSE()),"") | J63: =IFERROR(VLOOKUP(E63,data!$A:$J,10,FALSE()),"") | K63: =IFERROR(VLOOKUP(F63,data!$A:$J,10,FALSE()),"") | L63: =_xlfn.TEXTJOIN(" ",TRUE(),G63:K63) -> E53_G13
A64: Białystok | B64: 776069 | G64: =IFERROR(VLOOKUP(B64,data!$A:$J,10,FALSE()),"") -> E53_G15 | H64: =IFERROR(VLOOKUP(C64,data!$A:$J,10,FALSE()),"") | I64: =IFERROR(VLOOKUP(D64,data!$A:$J,10,FALSE()),"") | J64: =IFERROR(VLOOKUP(E64,data!$A:$J,10,FALSE()),"") | K64: =IFERROR(VLOOKUP(F64,data!$A:$J,10,FALSE()),"") | L64: =_xlfn.TEXTJOIN(" ",TRUE(),G64:K64) -> E53_G15
A65: Bielsko-Biała | B65: 3103402 | G65: =IFERROR(VLOOKUP(B65,data!$A:$J,10,FALSE()),"") -> E53_G16 | H65: =IFERROR(VLOOKUP(C65,data!$A:$J,10,FALSE()),"") | I65: =IFERROR(VLOOKUP(D65,data!$A:$J,10,FALSE()),"") | J65: =IFERROR(VLOOKUP(E65,data!$A:$J,10,FALSE()),"") | K65: =IFERROR(VLOOKUP(F65,data!$A:$J,10,FALSE()),"") | L65: =_xlfn.TEXTJOIN(" ",TRUE(),G65:K65) -> E53_G16
A66: Bonn | B66: 2946447 | G66: =IFERROR(VLOOKUP(B66,data!$A:$J,10,FALSE()),"") -> E53_G19 | H66: =IFERROR(VLOOKUP(C66,data!$A:$J,10,FALSE()),"") | I66: =IFERROR(VLOOKUP(D66,data!$A:$J,10,FALSE()),"") | J66: =IFERROR(VLOOKUP(E66,data!$A:$J,10,FALSE()),"") | K66: =IFERROR(VLOOKUP(F66,data!$A:$J,10,FALSE()),"") | L66: =_xlfn.TEXTJOIN(" ",TRUE(),G66:K66) -> E53_G19
A67: Boston | B67: 4930956 | G67: =IFERROR(VLOOKUP(B67,data!$A:$J,10,FALSE()),"") -> E53_G20 | H67: =IFERROR(VLOOKUP(C67,data!$A:$J,10,FALSE()),"") | I67: =IFERROR(VLOOKUP(D67,data!$A:$J,10,FALSE()),"") | J67: =IFERROR(VLOOKUP(E67,data!$A:$J,10,FALSE()),"") | K67: =IFERROR(VLOOKUP(F67,data!$A:$J,10,FALSE()),"") | L67: =_xlfn.TEXTJOIN(" ",TRUE(),G67:K67) -> E53_G20
A68: Bowling Green (Ohio, USA) | B68: 5147968 | G68: =IFERROR(VLOOKUP(B68,data!$A:$J,10,FALSE()),"") -> E53_G21 | H68: =IFERROR(VLOOKUP(C68,data!$A:$J,10,FALSE()),"") | I68: =IFERROR(VLOOKUP(D68,data!$A:$J,10,FALSE()),"") | J68: =IFERROR(VLOOKUP(E68,data!$A:$J,10,FALSE()),"") | K68: =IFERROR(VLOOKUP(F68,data!$A:$J,10,FALSE()),"") | L68: =_xlfn.TEXTJOIN(" ",TRUE(),G68:K68) -> E53_G21
A69: Bratislava | B69: 3060972 | G69: =IFERROR(VLOOKUP(B69,data!$A:$J,10,FALSE()),"") -> E53_G23 | H69: =IFERROR(VLOOKUP(C69,data!$A:$J,10,FALSE()),"") | I69: =IFERROR(VLOOKUP(D69,data!$A:$J,10,FALSE()),"") | J69: =IFERROR(VLOOKUP(E69,data!$A:$J,10,FALSE()),"") | K69: =IFERROR(VLOOKUP(F69,data!$A:$J,10,FALSE()),"") | L69: =_xlfn.TEXTJOIN(" ",TRUE(),G69:K69) -> E53_G23
A70: Bromma | B70: 2719111 | G70: =IFERROR(VLOOKUP(B70,data!$A:$J,10,FALSE()),"") -> E53_G26 | H70: =IFERROR(VLOOKUP(C70,data!$A:$J,10,FALSE()),"") | I70: =IFERROR(VLOOKUP(D70,data!$A:$J,10,FALSE()),"") | J70: =IFERROR(VLOOKUP(E70,data!$A:$J,10,FALSE()),"") | K70: =IFERROR(VLOOKUP(F70,data!$A:$J,10,FALSE()),"") | L70: =_xlfn.TEXTJOIN(" ",TRUE(),G70:K70) -> E53_G26
A71: Bruxelles | B71: 2800866 | G71: =IFERROR(VLOOKUP(B71,data!$A:$J,10,FALSE()),"") -> E53_G28 | H71: =IFERROR(VLOOKUP(C71,data!$A:$J,10,FALSE()),"") | I71: =IFERROR(VLOOKUP(D71,data!$A:$J,10,FALSE()),"") | J71: =IFERROR(VLOOKUP(E71,data!$A:$J,10,FALSE()),"") | K71: =IFERROR(VLOOKUP(F71,data!$A:$J,10,FALSE()),"") | L71: =_xlfn.TEXTJOIN(" ",TRUE(),G71:K71) -> E53_G28
A72: Bukarest, Románia | B72: 683506 | G72: =IFERROR(VLOOKUP(B72,data!$A:$J,10,FALSE()),"") -> E53_G29 | H72: =IFERROR(VLOOKUP(C72,data!$A:$J,10,FALSE()),"") | I72: =IFERROR(VLOOKUP(D72,data!$A:$J,10,FALSE()),"") | J72: =IFERROR(VLOOKUP(E72,data!$A:$J,10,FALSE()),"") | K72: =IFERROR(VLOOKUP(F72,data!$A:$J,10,FALSE()),"") | L72: =_xlfn.TEXTJOIN(" ",TRUE(),G72:K72) -> E53_G29
A73: Bydgoszcz | B73: 3102014 | G73: =IFERROR(VLOOKUP(B73,data!$A:$J,10,FALSE()),"") -> E53_G33 | H73: =IFERROR(VLOOKUP(C73,data!$A:$J,10,FALSE()),"") | I73: =IFERROR(VLOOKUP(D73,data!$A:$J,10,FALSE()),"") | J73: =IFERROR(VLOOKUP(E73,data!$A:$J,10,FALSE()),"") | K73: =IFERROR(VLOOKUP(F73,data!$A:$J,10,FALSE()),"") | L73: =_xlfn.TEXTJOIN(" ",TRUE(),G73:K73) -> E53_G33
... A76: Detroit (Michigan, US) | B76: 4990729 | G76: =IFERROR(VLOOKUP(B76,data!$A:$J,10,FALSE()),"") -> E53_G48 | H76: =IFERROR(VLOOKUP(C76,data!$A:$J,10,FALSE()),"") | I76: =IFERROR(VLOOKUP(D76,data!$A:$J,10,FALSE()),"") | J76: =IFERROR(VLOOKUP(E76,data!$A:$J,10,FALSE()),"") | K76: =IFERROR(VLOOKUP(F76,data!$A:$J,10,FALSE()),"") | L76: =_xlfn.TEXTJOIN(" ",TRUE(),G76:K76) -> E53_G48
A77: Dordrecht; Boston; L. | B77: 2756669 | C77: 4930956 | D77: 2643743 | G77: =IFERROR(VLOOKUP(B77,data!$A:$J,10,FALSE()),"") -> E53_G51 | H77: =IFERROR(VLOOKUP(C77,data!$A:$J,10,FALSE()),"") -> E53_G20 | I77: =IFERROR(VLOOKUP(D77,data!$A:$J,10,FALSE()),"") -> E53_G107 | J77: =IFERROR(VLOOKUP(E77,data!$A:$J,10,FALSE()),"") | K77: =IFERROR(VLOOKUP(F77,data!$A:$J,10,FALSE()),"") | L77: =_xlfn.TEXTJOIN(" ",TRUE(),G77:K77) -> E53_G51 E53_G20 E53_G107
A78: Englewood Cliffs, N.J. | B78: 5097677 | G78: =IFERROR(VLOOKUP(B78,data!$A:$J,10,FALSE()),"") -> E53_G57 | H78: =IFERROR(VLOOKUP(C78,data!$A:$J,10,FALSE()),"") | I78: =IFERROR(VLOOKUP(D78,data!$A:$J,10,FALSE()),"") | J78: =IFERROR(VLOOKUP(E78,data!$A:$J,10,FALSE()),"") | K78: =IFERROR(VLOOKUP(F78,data!$A:$J,10,FALSE()),"") | L78: =_xlfn.TEXTJOIN(" ",TRUE(),G78:K78) -> E53_G57
A79: Evanston | B79: 4891382 | G79: =IFERROR(VLOOKUP(B79,data!$A:$J,10,FALSE()),"") -> E53_G60 | H79: =IFERROR(VLOOKUP(C79,data!$A:$J,10,FALSE()),"") | I79: =IFERROR(VLOOKUP(D79,data!$A:$J,10,FALSE()),"") | J79: =IFERROR(VLOOKUP(E79,data!$A:$J,10,FALSE()),"") | K79: =IFERROR(VLOOKUP(F79,data!$A:$J,10,FALSE()),"") | L79: =_xlfn.TEXTJOIN(" ",TRUE(),G79:K79) -> E53_G60
A80: F.a.M., B., Wien | B80: 2925533 | C80: 2950159 | D80: 2761369 | G80: =IFERROR(VLOOKUP(B80,data!$A:$J,10,FALSE()),"") -> E53_G65 | H80: =IFERROR(VLOOKUP(C80,data!$A:$J,10,FALSE()),"") -> E53_G14 | I80: =IFERROR(VLOOKUP(D80,data!$A:$J,10,FALSE()),"") -> E53_G213 | J80: =IFERROR(VLOOKUP(E80,data!$A:$J,10,FALSE()),"") | K80: =IFERROR(VLOOKUP(F80,data!$A:$J,10,FALSE()),"") | L80: =_xlfn.TEXTJOIN(" ",TRUE(),G80:K80) -> E53_G65 E53_G14 E53_G213
A81: Fagnano Alto | B81: 6536398 | G81: =IFERROR(VLOOKUP(B81,data!$A:$J,10,FALSE()),"") -> E53_G61 | H81: =IFERROR(VLOOKUP(C81,data!$A:$J,10,FALSE()),"") | I81: =IFERROR(VLOOKUP(D81,data!$A:$J,10,FALSE()),"") | J81: =IFERROR(VLOOKUP(E81,data!$A:$J,10,FALSE()),"") | K81: =IFERROR(VLOOKUP(F81,data!$A:$J,10,FALSE()),"") | L81: =_xlfn.TEXTJOIN(" ",TRUE(),G81:K81) -> E53_G61
A82: Gdańsk | B82: 3099434 | G82: =IFERROR(VLOOKUP(B82,data!$A:$J,10,FALSE()),"") -> E53_G67 | H82: =IFERROR(VLOOKUP(C82,data!$A:$J,10,FALSE()),"") | I82: =IFERROR(VLOOKUP(D82,data!$A:$J,10,FALSE()),"") | J82: =IFERROR(VLOOKUP(E82,data!$A:$J,10,FALSE()),"") | K82: =IFERROR(VLOOKUP(F82,data!$A:$J,10,FALSE()),"") | L82: =_xlfn.TEXTJOIN(" ",TRUE(),G82:K82) -> E53_G67
A83: Gelsenkirchen | B83: 2921466 | G83: =IFERROR(VLOOKUP(B83,data!$A:$J,10,FALSE()),"") -> E53_G69 | H83: =IFERROR(VLOOKUP(C83,data!$A:$J,10,FALSE()),"") | I83: =IFERROR(VLOOKUP(D83,data!$A:$J,10,FALSE()),"") | J83: =IFERROR(VLOOKUP(E83,data!$A:$J,10,FALSE()),"") | K83: =IFERROR(VLOOKUP(F83,data!$A:$J,10,FALSE()),"") | L83: =_xlfn.TEXTJOIN(" ",TRUE(),G83:K83) -> E53_G69
A84: Gliwice | B84: 3099230 | G84: =IFERROR(VLOOKUP(B84,data!$A:$J,10,FALSE()),"") -> E53_G70 | H84: =IFERROR(VLOOKUP(C84,data!$A:$J,10,FALSE()),"") | I84: =IFERROR(VLOOKUP(D84,data!$A:$J,10,FALSE()),"") | J84: =IFERROR(VLOOKUP(E84,data!$A:$J,10,FALSE()),"") | K84: =IFERROR(VLOOKUP(F84,data!$A:$J,10,FALSE()),"") | L84: =_xlfn.TEXTJOIN(" ",TRUE(),G84:K84) -> E53_G70
A85: Guardbridge (Scotland) | B85: 8063584 | G85: =IFERROR(VLOOKUP(B85,data!$A:$J,10,FALSE()),"") -> E53_G73 | H85: =IFERROR(VLOOKUP(C85,data!$A:$J,10,FALSE()),"") | I85: =IFERROR(VLOOKUP(D85,data!$A:$J,10,FALSE()),"") | J85: =IFERROR(VLOOKUP(E85,data!$A:$J,10,FALSE()),"") | K85: =IFERROR(VLOOKUP(F85,data!$A:$J,10,FALSE()),"") | L85: =_xlfn.TEXTJOIN(" ",TRUE(),G85:K85) -> E53_G73
A86: Hamburg | B86: 2911298 | G86: =IFERROR(VLOOKUP(B86,data!$A:$J,10,FALSE()),"") -> E53_G76 | H86: =IFERROR(VLOOKUP(C86,data!$A:$J,10,FALSE()),"") | I86: =IFERROR(VLOOKUP(D86,data!$A:$J,10,FALSE()),"") | J86: =IFERROR(VLOOKUP(E86,data!$A:$J,10,FALSE()),"") | K86: =IFERROR(VLOOKUP(F86,data!$A:$J,10,FALSE()),"") | L86: =_xlfn.TEXTJOIN(" ",TRUE(),G86:K86) -> E53_G76
A87: Hannover | B87: 2910831 | G87: =IFERROR(VLOOKUP(B87,data!$A:$J,10,FALSE()),"") -> E53_G78 | H87: =IFERROR(VLOOKUP(C87,data!$A:$J,10,FALSE()),"") | I87: =IFERROR(VLOOKUP(D87,data!$A:$J,10,FALSE()),"") | J87: =IFERROR(VLOOKUP(E87,data!$A:$J,10,FALSE()),"") | K87: =IFERROR(VLOOKUP(F87,data!$A:$J,10,FALSE()),"") | L87: =_xlfn.TEXTJOIN(" ",TRUE(),G87:K87) -> E53_G78
A88: Harmondsworth | B88: 6951076 | G88: =IFERROR(VLOOKUP(B88,data!$A:$J,10,FALSE()),"") -> E53_G79 | H88: =IFERROR(VLOOKUP(C88,data!$A:$J,10,FALSE()),"") | I88: =IFERROR(VLOOKUP(D88,data!$A:$J,10,FALSE()),"") | J88: =IFERROR(VLOOKUP(E88,data!$A:$J,10,FALSE()),"") | K88: =IFERROR(VLOOKUP(F88,data!$A:$J,10,FALSE()),"") | L88: =_xlfn.TEXTJOIN(" ",TRUE(),G88:K88) -> E53_G79
A89: Jerusalem / יְרוּשָׁלַיִם | B89: 281184 | G89: =IFERROR(VLOOKUP(B89,data!$A:$J,10,FALSE()),"") -> E53_G85 | H89: =IFERROR(VLOOKUP(C89,data!$A:$J,10,FALSE()),"") | I89: =IFERROR(VLOOKUP(D89,data!$A:$J,10,FALSE()),"") | J89: =IFERROR(VLOOKUP(E89,data!$A:$J,10,FALSE()),"") | K89: =IFERROR(VLOOKUP(F89,data!$A:$J,10,FALSE()),"") | L89: =_xlfn.TEXTJOIN(" ",TRUE(),G89:K89) -> E53_G85
A90: Jinočany | B90: 3074143 | G90: =IFERROR(VLOOKUP(B90,data!$A:$J,10,FALSE()),"") -> E53_G86 | H90: =IFERROR(VLOOKUP(C90,data!$A:$J,10,FALSE()),"") | I90: =IFERROR(VLOOKUP(D90,data!$A:$J,10,FALSE()),"") | J90: =IFERROR(VLOOKUP(E90,data!$A:$J,10,FALSE()),"") | K90: =IFERROR(VLOOKUP(F90,data!$A:$J,10,FALSE()),"") | L90: =_xlfn.TEXTJOIN(" ",TRUE(),G90:K90) -> E53_G86
A91: Katowice | B91: 3096472 | G91: =IFERROR(VLOOKUP(B91,data!$A:$J,10,FALSE()),"") -> E53_G87 | H91: =IFERROR(VLOOKUP(C91,data!$A:$J,10,FALSE()),"") | I91: =IFERROR(VLOOKUP(D91,data!$A:$J,10,FALSE()),"") | J91: =IFERROR(VLOOKUP(E91,data!$A:$J,10,FALSE()),"") | K91: =IFERROR(VLOOKUP(F91,data!$A:$J,10,FALSE()),"") | L91: =_xlfn.TEXTJOIN(" ",TRUE(),G91:K91) -> E53_G87
A92: Kaunas | B92: 598316 | G92: =IFERROR(VLOOKUP(B92,data!$A:$J,10,FALSE()),"") -> E53_G88 | H92: =IFERROR(VLOOKUP(C92,data!$A:$J,10,FALSE()),"") | I92: =IFERROR(VLOOKUP(D92,data!$A:$J,10,FALSE()),"") | J92: =IFERROR(VLOOKUP(E92,data!$A:$J,10,FALSE()),"") | K92: =IFERROR(VLOOKUP(F92,data!$A:$J,10,FALSE()),"") | L92: =_xlfn.TEXTJOIN(" ",TRUE(),G92:K92) -> E53_G88
... A94: Komorów | B94: 768315 | G94: =IFERROR(VLOOKUP(B94,data!$A:$J,10,FALSE()),"") -> E53_G94 | H94: =IFERROR(VLOOKUP(C94,data!$A:$J,10,FALSE()),"") | I94: =IFERROR(VLOOKUP(D94,data!$A:$J,10,FALSE()),"") | J94: =IFERROR(VLOOKUP(E94,data!$A:$J,10,FALSE()),"") | K94: =IFERROR(VLOOKUP(F94,data!$A:$J,10,FALSE()),"") | L94: =_xlfn.TEXTJOIN(" ",TRUE(),G94:K94) -> E53_G94
A95: Kraków; Budapeszt; Syrakuzy | B95: 3094802 | C95: 3054643 | D95: 2523083 | G95: =IFERROR(VLOOKUP(B95,data!$A:$J,10,FALSE()),"") -> E53_G96 | H95: =IFERROR(VLOOKUP(C95,data!$A:$J,10,FALSE()),"") -> E53_G30 | I95: =IFERROR(VLOOKUP(D95,data!$A:$J,10,FALSE()),"") -> E53_G189 | J95: =IFERROR(VLOOKUP(E95,data!$A:$J,10,FALSE()),"") | K95: =IFERROR(VLOOKUP(F95,data!$A:$J,10,FALSE()),"") | L95: =_xlfn.TEXTJOIN(" ",TRUE(),G95:K95) -> E53_G96 E53_G30 E53_G189
A96: Köln | B96: 2886242 | G96: =IFERROR(VLOOKUP(B96,data!$A:$J,10,FALSE()),"") -> E53_G43 | H96: =IFERROR(VLOOKUP(C96,data!$A:$J,10,FALSE()),"") | I96: =IFERROR(VLOOKUP(D96,data!$A:$J,10,FALSE()),"") | J96: =IFERROR(VLOOKUP(E96,data!$A:$J,10,FALSE()),"") | K96: =IFERROR(VLOOKUP(F96,data!$A:$J,10,FALSE()),"") | L96: =_xlfn.TEXTJOIN(" ",TRUE(),G96:K96) -> E53_G43
A97: L.: | B97: 2643743 | G97: =IFERROR(VLOOKUP(B97,data!$A:$J,10,FALSE()),"") -> E53_G107 | H97: =IFERROR(VLOOKUP(C97,data!$A:$J,10,FALSE()),"") | I97: =IFERROR(VLOOKUP(D97,data!$A:$J,10,FALSE()),"") | J97: =IFERROR(VLOOKUP(E97,data!$A:$J,10,FALSE()),"") | K97: =IFERROR(VLOOKUP(F97,data!$A:$J,10,FALSE()),"") | L97: =_xlfn.TEXTJOIN(" ",TRUE(),G97:K97) -> E53_G107
A98: L.; N.Y. | B98: 2643743 | C98: 5128581 | G98: =IFERROR(VLOOKUP(B98,data!$A:$J,10,FALSE()),"") -> E53_G107 | H98: =IFERROR(VLOOKUP(C98,data!$A:$J,10,FALSE()),"") -> E53_G130 | I98: =IFERROR(VLOOKUP(D98,data!$A:$J,10,FALSE()),"") | J98: =IFERROR(VLOOKUP(E98,data!$A:$J,10,FALSE()),"") | K98: =IFERROR(VLOOKUP(F98,data!$A:$J,10,FALSE()),"") | L98: =_xlfn.TEXTJOIN(" ",TRUE(),G98:K98) -> E53_G107 E53_G130
A99: Leipzig | B99: 2879139 | G99: =IFERROR(VLOOKUP(B99,data!$A:$J,10,FALSE()),"") -> E53_G101 | H99: =IFERROR(VLOOKUP(C99,data!$A:$J,10,FALSE()),"") | I99: =IFERROR(VLOOKUP(D99,data!$A:$J,10,FALSE()),"") | J99: =IFERROR(VLOOKUP(E99,data!$A:$J,10,FALSE()),"") | K99: =IFERROR(VLOOKUP(F99,data!$A:$J,10,FALSE()),"") | L99: =_xlfn.TEXTJOIN(" ",TRUE(),G99:K99) -> E53_G101
A100: Lisboa | B100: 2267057 | G100: =IFERROR(VLOOKUP(B100,data!$A:$J,10,FALSE()),"") -> E53_G103 | H100: =IFERROR(VLOOKUP(C100,data!$A:$J,10,FALSE()),"") | I100: =IFERROR(VLOOKUP(D100,data!$A:$J,10,FALSE()),"") | J100: =IFERROR(VLOOKUP(E100,data!$A:$J,10,FALSE()),"") | K100: =IFERROR(VLOOKUP(F100,data!$A:$J,10,FALSE()),"") | L100: =_xlfn.TEXTJOIN(" ",TRUE(),G100:K100) -> E53_G103
A101: Lwów | B101: 702550 | G101: =IFERROR(VLOOKUP(B101,data!$A:$J,10,FALSE()),"") -> E53_G110 | H101: =IFERROR(VLOOKUP(C101,data!$A:$J,10,FALSE()),"") | I101: =IFERROR(VLOOKUP(D101,data!$A:$J,10,FALSE()),"") | J101: =IFERROR(VLOOKUP(E101,data!$A:$J,10,FALSE()),"") | K101: =IFERROR(VLOOKUP(F101,data!$A:$J,10,FALSE()),"") | L101: =_xlfn.TEXTJOIN(" ",TRUE(),G101:K101) -> E53_G110
A102: Lódź, Poland | B102: 3093133 | G102: =IFERROR(VLOOKUP(B102,data!$A:$J,10,FALSE()),"") -> E53_G106 | H102: =IFERROR(VLOOKUP(C102,data!$A:$J,10,FALSE()),"") | I102: =IFERROR(VLOOKUP(D102,data!$A:$J,10,FALSE()),"") | J102: =IFERROR(VLOOKUP(E102,data!$A:$J,10,FALSE()),"") | K102: =IFERROR(VLOOKUP(F102,data!$A:$J,10,FALSE()),"") | L102: =_xlfn.TEXTJOIN(" ",TRUE(),G102:K102) -> E53_G106
A103: Madrid | B103: 3117735 | G103: =IFERROR(VLOOKUP(B103,data!$A:$J,10,FALSE()),"") -> E53_G111 | H103: =IFERROR(VLOOKUP(C103,data!$A:$J,10,FALSE()),"") | I103: =IFERROR(VLOOKUP(D103,data!$A:$J,10,FALSE()),"") | J103: =IFERROR(VLOOKUP(E103,data!$A:$J,10,FALSE()),"") | K103: =IFERROR(VLOOKUP(F103,data!$A:$J,10,FALSE()),"") | L103: =_xlfn.TEXTJOIN(" ",TRUE(),G103:K103) -> E53_G111
A104: Malmö | B104: 2692969 | G104: =IFERROR(VLOOKUP(B104,data!$A:$J,10,FALSE()),"") -> E53_G113 | H104: =IFERROR(VLOOKUP(C104,data!$A:$J,10,FALSE()),"") | I104: =IFERROR(VLOOKUP(D104,data!$A:$J,10,FALSE()),"") | J104: =IFERROR(VLOOKUP(E104,data!$A:$J,10,FALSE()),"") | K104: =IFERROR(VLOOKUP(F104,data!$A:$J,10,FALSE()),"") | L104: =_xlfn.TEXTJOIN(" ",TRUE(),G104:K104) -> E53_G113
A105: Marburg | B105: 2873759 | G105: =IFERROR(VLOOKUP(B105,data!$A:$J,10,FALSE()),"") -> E53_G114 | H105: =IFERROR(VLOOKUP(C105,data!$A:$J,10,FALSE()),"") | I105: =IFERROR(VLOOKUP(D105,data!$A:$J,10,FALSE()),"") | J105: =IFERROR(VLOOKUP(E105,data!$A:$J,10,FALSE()),"") | K105: =IFERROR(VLOOKUP(F105,data!$A:$J,10,FALSE()),"") | L105: =_xlfn.TEXTJOIN(" ",TRUE(),G105:K105) -> E53_G114
A106: Meitungen | B106: 2872126 | G106: =IFERROR(VLOOKUP(B106,data!$A:$J,10,FALSE()),"") -> E53_G116 | H106: =IFERROR(VLOOKUP(C106,data!$A:$J,10,FALSE()),"") | I106: =IFERROR(VLOOKUP(D106,data!$A:$J,10,FALSE()),"") | J106: =IFERROR(VLOOKUP(E106,data!$A:$J,10,FALSE()),"") | K106: =IFERROR(VLOOKUP(F106,data!$A:$J,10,FALSE()),"") | L106: =_xlfn.TEXTJOIN(" ",TRUE(),G106:K106) -> E53_G116
A107: Melbourne | B107: 2158177 | G107: =IFERROR(VLOOKUP(B107,data!$A:$J,10,FALSE()),"") -> E53_G117 | H107: =IFERROR(VLOOKUP(C107,data!$A:$J,10,FALSE()),"") | I107: =IFERROR(VLOOKUP(D107,data!$A:$J,10,FALSE()),"") | J107: =IFERROR(VLOOKUP(E107,data!$A:$J,10,FALSE()),"") | K107: =IFERROR(VLOOKUP(F107,data!$A:$J,10,FALSE()),"") | L107: =_xlfn.TEXTJOIN(" ",TRUE(),G107:K107) -> E53_G117
A108: Middletown, CT | B108: 4838633 | G108: =IFERROR(VLOOKUP(B108,data!$A:$J,10,FALSE()),"") -> E53_G120 | H108: =IFERROR(VLOOKUP(C108,data!$A:$J,10,FALSE()),"") | I108: =IFERROR(VLOOKUP(D108,data!$A:$J,10,FALSE()),"") | J108: =IFERROR(VLOOKUP(E108,data!$A:$J,10,FALSE()),"") | K108: =IFERROR(VLOOKUP(F108,data!$A:$J,10,FALSE()),"") | L108: =_xlfn.TEXTJOIN(" ",TRUE(),G108:K108) -> E53_G120
A109: Minneapolis; L. | B109: 5037649 | C109: 2643743 | G109: =IFERROR(VLOOKUP(B109,data!$A:$J,10,FALSE()),"") -> E53_G122 | H109: =IFERROR(VLOOKUP(C109,data!$A:$J,10,FALSE()),"") -> E53_G107 | I109: =IFERROR(VLOOKUP(D109,data!$A:$J,10,FALSE()),"") | J109: =IFERROR(VLOOKUP(E109,data!$A:$J,10,FALSE()),"") | K109: =IFERROR(VLOOKUP(F109,data!$A:$J,10,FALSE()),"") | L109: =_xlfn.TEXTJOIN(" ",TRUE(),G109:K109) -> E53_G122 E53_G107
A110: Montreal & Kingston; London; Ithaca | B110: 6077243 | C110: 5992500 | D110: 2643743 | E110: 5122432 | G110: =IFERROR(VLOOKUP(B110,data!$A:$J,10,FALSE()),"") -> E53_G125 | H110: =IFERROR(VLOOKUP(C110,data!$A:$J,10,FALSE()),"") -> E53_G92 | I110: =IFERROR(VLOOKUP(D110,data!$A:$J,10,FALSE()),"") -> E53_G107 | J110: =IFERROR(VLOOKUP(E110,data!$A:$J,10,FALSE()),"") -> E53_G84 | K110: =IFERROR(VLOOKUP(F110,data!$A:$J,10,FALSE()),"") | L110: =_xlfn.TEXTJOIN(" ",TRUE(),G110:K110) -> E53_G125 E53_G92 E53_G107 E53_G84
...

Sheet data
A1: geonameid | B1: gn_city | C1: gn_country | D1: gn_city_pl | E1: wdid | F1: wd_city | G1: wd_country | H1: wd_city_pl | I1: nr | J1: uri
A2: 2661876 | B2: Aargau | C2: Switzerland | D2: Argowia | E2: Q11972 | F2: Canton of Aargau | G2: Switzerland | H2: Argowia | I2: 0 | J2: =_xlfn.CONCAT("E53_G",I2) -> E53_G0
A3: 1512236 | B3: Abakan | C3: Russia | D3: Abakan | E3: Q875 | F3: Abakan | G3: Russia | H3: Abakan | I3: =I2+1 -> 1 | J3: =_xlfn.CONCAT("E53_G",I3) -> E53_G1
A4: 2759794 | B4: Amsterdam | C4: The Netherlands | D4: Amsterdam | E4: Q727 | F4: Amsterdam | G4: Netherlands | H4: Amsterdam | I4: =I3+1 -> 2 | J4: =_xlfn.CONCAT("E53_G",I4) -> E53_G2
A5: 12514108 | B5: Arkaim | C5: Russia | D5: Arkaim | E5: Q672602 | F5: Arkaim | G5: Russia | H5: Arkaim | I5: =I4+1 -> 3 | J5: =_xlfn.CONCAT("E53_G",I5) -> E53_G3
A6: 162183 | B6: Ashgabat | C6: Turkmenistan | D6: Aszchabad | E6: Q23438 | F6: Ashgabat | G6: Turkmenistan | H6: Aszchabad | I6: =I5+1 -> 4 | J6: =_xlfn.CONCAT("E53_G",I6) -> E53_G4
A7: 264371 | B7: Athens | C7: Greece | D7: Ateny | E7: Q1524 | F7: Athens | G7: Greece | H7: Ateny | I7: =I6+1 -> 5 | J7: =_xlfn.CONCAT("E53_G",I7) -> E53_G5
A8: 587084 | B8: Baku | C8: Azerbaijan | D8: Baku | E8: Q9248 | F8: Baku | G8: Azerbaijan | H8: Baku | I8: =I7+1 -> 6 | J8: =_xlfn.CONCAT("E53_G",I8) -> E53_G6
A9: 4347778 | B9: Baltimore | C9: United States | D9: Baltimore | E9: Q5092 | F9: Baltimore | G9: United States | H9: Baltimore | I9: =I8+1 -> 7 | J9: =_xlfn.CONCAT("E53_G",I9) -> E53_G7
A10: 3061186 | B10: Banská Bystrica | C10: Slovakia | D10: Bańska Bystrzyca | E10: Q144983 | F10: Banská Bystrica | G10: Slovakia | H10: Bańska Bystrzyca | I10: =I9+1 -> 8 | J10: =_xlfn.CONCAT("E53_G",I10) -> E53_G8
A11: 3128760 | B11: Barcelona | C11: Spain | D11: Barcelona | E11: Q1492 | F11: Barcelona | G11: Spain | H11: Barcelona | I11: =I10+1 -> 9 | J11: =_xlfn.CONCAT("E53_G",I11) -> E53_G9
A12: 2656192 | B12: Basingstoke | C12: United Kingdom | D12: Basingstoke | E12: Q810196 | F12: Basingstoke | G12: United Kingdom | H12: Basingstoke | I12: =I11+1 -> 10 | J12: =_xlfn.CONCAT("E53_G",I12) -> E53_G10
A13: 615532 | B13: Batumi | C13: Georgia | D13: Batumi | E13: Q25475 | F13: Batumi | G13: Georgia | H13: Batumi | I13: =I12+1 -> 11 | J13: =_xlfn.CONCAT("E53_G",I13) -> E53_G11
A14: 1816670 | B14: Beijing | C14: China | D14: Pekin | E14: Q956 | F14: Beijing | G14: People's Republic of China | H14: Pekin | I14: =I13+1 -> 12 | J14: =_xlfn.CONCAT("E53_G",I14) -> E53_G12
... A235: 2657896 | B235: Zurich | C235: Switzerland | D235: Zurych | E235: Q72 | F235: Zurich | G235: Switzerland | H235: Zurych | I235: =I234+1 -> 233 | J235: =_xlfn.CONCAT("E53_G",I235) -> E53_G233
A236: 1526384 | E236: Q35493 | F236: Almaty | G236: Kazakhstan | H236: Ałmaty | I236: =I235+1 -> 234 | J236: =_xlfn.CONCAT("E53_G",I236) -> E53_G234
A237: 6557677 | E237: Q5274 | F237: Balve | G237: Germany | H237: Balve | I237: =I236+1 -> 235 | J237: =_xlfn.CONCAT("E53_G",I237) -> E53_G235
A238: 1510853 | E238: Q6014 | F238: Barnaul | G238: Russia | H238: Barnauł | I238: =I237+1 -> 236 | J238: =_xlfn.CONCAT("E53_G",I238) -> E53_G236
A239: 3202781 | E239: Q1012 | F239: Celje | G239: Slovenia | H239: Celje | I239: =I238+1 -> 237 | J239: =_xlfn.CONCAT("E53_G",I239) -> E53_G237
A240: 569154 | E240: Q5326 | F240: Cherkessk | G240: Russia | H240: Czerkiesk | I240: =I239+1 -> 238 | J240: =_xlfn.CONCAT("E53_G",I240) -> E53_G238
A241: 2025339 | E241: Q53139 | F241: Chita | G241: Russia | H241: Czyta | I241: =I240+1 -> 239 | J241: =_xlfn.CONCAT("E53_G",I241) -> E53_G239
A242: 774367 | E242: Q2330083 | F242: Chotomów | G242: Poland | H242: Chotomów | I242: =I241+1 -> 240 | J242: =_xlfn.CONCAT("E53_G",I242) -> E53_G240
A243: 2618425 | E243: Q1748 | F243: Copenhagen | G243: Denmark | H243: Kopenhaga | I243: =I242+1 -> 241 | J243: =_xlfn.CONCAT("E53_G",I243) -> E53_G241
A244: 2023469 | E244: Q6576 | F244: Irkutsk | G244: Russia | H244: Irkuck | I244: =I243+1 -> 242 | J244: =_xlfn.CONCAT("E53_G",I244) -> E53_G242
A245: 1503901 | E245: Q6066 | F245: Kemerovo | G245: Russia | H245: Kemerowo | I245: =I244+1 -> 243 | J245: =_xlfn.CONCAT("E53_G",I245) -> E53_G243
A246: 618426 | E246: Q21197 | F246: Chișinău | G246: Moldova | H246: Kiszyniów | I246: =I245+1 -> 244 | J246: =_xlfn.CONCAT("E53_G",I246) -> E53_G244
A247: 2774321 | E247: Q41753 | F247: Klagenfurt am Wörthersee | G247: Austria | H247: Klagenfurt am Wörthersee | I247: =I246+1 -> 245 | J247: =_xlfn.CONCAT("E53_G",I247) -> E53_G245
... A272: 616051 | E272: Q1953 | F272: Yerevan | G272: Armenia | H272: Erywań | I272: =I271+1 -> 270 | J272: =_xlfn.CONCAT("E53_G",I272) -> E53_G270

Sheet wiki-place
A1: city | B1: wd_city | C1: wd_country | D1: geonameid | E1: wdid | F1: uri
A2: Alma-Ata | B2: Almaty | C2: Kazakhstan | D2: 1526384 | E2: Q35493 | F2: =VLOOKUP(E2,data!E:J,6,FALSE()) -> E53_G234
A3: Amsterdam | B3: Amsterdam | C3: Netherlands | D3: 2759794 | E3: Q727 | F3: =VLOOKUP(E3,data!E:J,6,FALSE()) -> E53_G2
A4: Athens | B4: Athens | C4: Greece | D4: 264371 | E4: Q1524 | F4: =VLOOKUP(E4,data!E:J,6,FALSE()) -> E53_G5
A5: Baku | B5: Baku | C5: Azerbaijan | D5: 587081 | E5: Q9248 | F5: =VLOOKUP(E5,data!E:J,6,FALSE()) -> E53_G6
A6: Balve | B6: Balve | C6: Germany | D6: 6557677 | E6: Q5274 | F6: =VLOOKUP(E6,data!E:J,6,FALSE()) -> E53_G235
A7: Barcelona | B7: Barcelona | C7: Spain | D7: 6356055 | E7: Q1492 | F7: =VLOOKUP(E7,data!E:J,6,FALSE()) -> E53_G9
A8: Barnaul | B8: Barnaul | C8: Russia | D8: 1510853 | E8: Q6014 | F8: =VLOOKUP(E8,data!E:J,6,FALSE()) -> E53_G236
A9: Belgrade | B9: Belgrade | C9: Serbia | D9: 792680 | E9: Q3711 | F9: =VLOOKUP(E9,data!E:J,6,FALSE()) -> E53_G13
A10: Beriln | B10: Berlin | C10: Germany | D10: 2950159 | E10: Q64 | F10: =VLOOKUP(E10,data!E:J,6,FALSE()) -> E53_G14
A11: Berlin | B11: Berlin | C11: Germany | D11: 2950159 | E11: Q64 | F11: =VLOOKUP(E11,data!E:J,6,FALSE()) -> E53_G14
A12: Bialystok | B12: Białystok | C12: Poland | D12: 776069 | E12: Q761 | F12: =VLOOKUP(E12,data!E:J,6,FALSE()) -> E53_G15
A13: Białystok | B13: Białystok | C13: Poland | D13: 776069 | E13: Q761 | F13: =VLOOKUP(E13,data!E:J,6,FALSE()) -> E53_G15
... A127: Łódź | B127: Łódź | C127: Poland | D127: 3093133 | E127: Q580 | F127: =VLOOKUP(E127,data!E:J,6,FALSE()) -> E53_G106
