Workbook

Sheet langs
A1: iso639-1 | B1: name | C1: urlwd | D1: idwd | E1: iso639-3 | F1: uri
A2: AR | B2: Arabic | C2: https://www.wikidata.org/wiki/Q13955 | D2: Q13955 | E2: ara | F2: =_xlfn.CONCAT("E56_",E2) -> E56_ara
A3: AZ | B3: Azerbaijani | C3: https://www.wikidata.org/wiki/Q9292 | D3: Q9292 | E3: aze | F3: =_xlfn.CONCAT("E56_",E3) -> E56_aze
A4: BA | B4: Bashkir | C4: https://www.wikidata.org/wiki/Q13389 | D4: Q13389 | E4: bak | F4: =_xlfn.CONCAT("E56_",E4) -> E56_bak
A5: BE | B5: Belarusian | C5: https://www.wikidata.org/wiki/Q9091 | D5: Q9091 | E5: bel | F5: =_xlfn.CONCAT("E56_",E5) -> E56_bel
A6: BG | B6: Bulgarian | C6: https://www.wikidata.org/wiki/Q7918 | D6: Q7918 | E6: bul | F6: =_xlfn.CONCAT("E56_",E6) -> E56_bul
A7: BN | B7: Bengali | C7: https://www.wikidata.org/wiki/Q9610 | D7: Q9610 | E7: ben | F7: =_xlfn.CONCAT("E56_",E7) -> E56_ben
A8: BR | B8: Breton | C8: https://www.wikidata.org/wiki/Q12107 | D8: Q12107 | E8: bre | F8: =_xlfn.CONCAT("E56_",E8) -> E56_bre
A9: CA | B9: Catalan | C9: https://www.wikidata.org/wiki/Q7026 | D9: Q7026 | E9: cat | F9: =_xlfn.CONCAT("E56_",E9) -> E56_cat
A10: CS | B10: Czech | C10: https://www.wikidata.org/wiki/Q9056 | D10: Q9056 | E10: ces | F10: =_xlfn.CONCAT("E56_",E10) -> E56_ces
A11: DA | B11: Danish | C11: https://www.wikidata.org/wiki/Q9035 | D11: Q9035 | E11: dan | F11: =_xlfn.CONCAT("E56_",E11) -> E56_dan
A12: DE | B12: German | C12: https://www.wikidata.org/wiki/Q188 | D12: Q188 | E12: deu | F12: =_xlfn.CONCAT("E56_",E12) -> E56_deu
A13: EL | B13: Greek | C13: https://www.wikidata.org/wiki/Q9129 | D13: Q9129 | E13: ell | F13: =_xlfn.CONCAT("E56_",E13) -> E56_ell
... A54: SH | B54: Serbo-Croatian | C54: https://www.wikidata.org/wiki/Q9301 | D54: Q9301 | E54: hbs | F54: =_xlfn.CONCAT("E56_",E54) -> E56_hbs
B55: Filipino | C55: https://www.wikidata.org/wiki/Q33298 | D55: Q33298 | E55: fil | F55: =_xlfn.CONCAT("E56_",E55) -> E56_fil
A56: MO | B56: Moldovan | C56: https://www.wikidata.org/wiki/Q36392 | D56: Q36392 | E56: mol | F56: =_xlfn.CONCAT("E56_",E56) -> E56_mol
A57: SI | B57: Sinhala | C57: https://www.wikidata.org/wiki/Q13267 | D57: Q13267 | E57: sin | F57: =_xlfn.CONCAT("E56_",E57) -> E56_sin
A58: TT | B58: Tatar | C58: https://www.wikidata.org/wiki/Q25285 | D58: Q25285 | E58: tat | F58: =_xlfn.CONCAT("E56_",E58) -> E56_tat

Sheet errors
A1: is | B1: shouldbe | C1: uri
A2: МК | B2: MK | C2: =VLOOKUP(B2,langs!A:F,6,FALSE()) -> E56_mkd

Sheet map-wiki
A1: key | B1: idwd | C1: uri
A2: albanian | B2: =VLOOKUP(PROPER(A2),langs!B:D,3,FALSE()) -> Q8748 | C2: =VLOOKUP(PROPER(A2),langs!B:F,5,FALSE()) -> E56_sqi
A3: arabic | B3: =VLOOKUP(PROPER(A3),langs!B:D,3,FALSE()) -> Q13955 | C3: =VLOOKUP(PROPER(A3),langs!B:F,5,FALSE()) -> E56_ara
A4: armenian | B4: =VLOOKUP(PROPER(A4),langs!B:D,3,FALSE()) -> Q8785 | C4: =VLOOKUP(PROPER(A4),langs!B:F,5,FALSE()) -> E56_hye
A5: azerbaijani | B5: =VLOOKUP(PROPER(A5),langs!B:D,3,FALSE()) -> Q9292 | C5: =VLOOKUP(PROPER(A5),langs!B:F,5,FALSE()) -> E56_aze
A6: belarusian | B6: =VLOOKUP(PROPER(A6),langs!B:D,3,FALSE()) -> Q9091 | C6: =VLOOKUP(PROPER(A6),langs!B:F,5,FALSE()) -> E56_bel
A7: bulgarian | B7: =VLOOKUP(PROPER(A7),langs!B:D,3,FALSE()) -> Q7918 | C7: =VLOOKUP(PROPER(A7),langs!B:F,5,FALSE()) -> E56_bul
A8: catalan | B8: =VLOOKUP(PROPER(A8),langs!B:D,3,FALSE()) -> Q7026 | C8: =VLOOKUP(PROPER(A8),langs!B:F,5,FALSE()) -> E56_cat
A9: chinese | B9: =VLOOKUP(PROPER(A9),langs!B:D,3,FALSE()) -> Q7850 | C9: =VLOOKUP(PROPER(A9),langs!B:F,5,FALSE()) -> E56_zho
A10: croatian | B10: =VLOOKUP(PROPER(A10),langs!B:D,3,FALSE()) -> Q6654 | C10: =VLOOKUP(PROPER(A10),langs!B:F,5,FALSE()) -> E56_hrv
A11: czech | B11: =VLOOKUP(PROPER(A11),langs!B:D,3,FALSE()) -> Q9056 | C11: =VLOOKUP(PROPER(A11),langs!B:F,5,FALSE()) -> E56_ces
A12: danish | B12: =VLOOKUP(PROPER(A12),langs!B:D,3,FALSE()) -> Q9035 | C12: =VLOOKUP(PROPER(A12),langs!B:F,5,FALSE()) -> E56_dan
A13: dutch | B13: =VLOOKUP(PROPER(A13),langs!B:D,3,FALSE()) -> Q7411 | C13: =VLOOKUP(PROPER(A13),langs!B:F,5,FALSE()) -> E56_nld
... A46: vietnamese | B46: =VLOOKUP(PROPER(A46),langs!B:D,3,FALSE()) -> Q9199 | C46: =VLOOKUP(PROPER(A46),langs!B:F,5,FALSE()) -> E56_vie

Sheet errors-wiki
A1: is | B1: shouldbe | C1: idwd | D1: uri
A2: belorussian | B2: belarusian | C2: =VLOOKUP(B2,'map-wiki'!A:B,2,FALSE()) -> Q9091 | D2: =VLOOKUP(B2,'map-wiki'!A:C,3,FALSE()) -> E56_bel
A3: itlian | B3: italian | C3: =VLOOKUP(B3,'map-wiki'!A:B,2,FALSE()) -> Q652 | D3: =VLOOKUP(B3,'map-wiki'!A:C,3,FALSE()) -> E56_ita
A4: moldavian | B4: moldovan | C4: =VLOOKUP(B4,'map-wiki'!A:B,2,FALSE()) -> Q36392 | D4: =VLOOKUP(B4,'map-wiki'!A:C,3,FALSE()) -> E56_mol
A5: portuguese | B5: portugese | C5: =VLOOKUP(B5,'map-wiki'!A:B,2,FALSE()) -> Q5146 | D5: =VLOOKUP(B5,'map-wiki'!A:C,3,FALSE()) -> E56_por

Sheet map-bvi
A1: key | B1: iso639-1 | C1: iso639-3 | D1: idwd | E1: uri
A2: alb | B2: sq | C2: sqi | D2: =VLOOKUP(UPPER(B2),langs!A:D,4,FALSE()) -> Q8748 | E2: =VLOOKUP(UPPER(C2),langs!E:F,2,FALSE()) -> E56_sqi
A3: ang | B3: en | C3: eng | D3: =VLOOKUP(UPPER(B3),langs!A:D,4,FALSE()) -> Q1860 | E3: =VLOOKUP(UPPER(C3),langs!E:F,2,FALSE()) -> E56_eng
A4: ara | B4: ar | C4: ara | D4: =VLOOKUP(UPPER(B4),langs!A:D,4,FALSE()) -> Q13955 | E4: =VLOOKUP(UPPER(C4),langs!E:F,2,FALSE()) -> E56_ara
A5: arm | B5: hy | C5: hye | D5: =VLOOKUP(UPPER(B5),langs!A:D,4,FALSE()) -> Q8785 | E5: =VLOOKUP(UPPER(C5),langs!E:F,2,FALSE()) -> E56_hye
A6: azb | B6: az | C6: aze | D6: =VLOOKUP(UPPER(B6),langs!A:D,4,FALSE()) -> Q9292 | E6: =VLOOKUP(UPPER(C6),langs!E:F,2,FALSE()) -> E56_aze
A7: bas | B7: ba | C7: bak | D7: =VLOOKUP(UPPER(B7),langs!A:D,4,FALSE()) -> Q13389 | E7: =VLOOKUP(UPPER(C7),langs!E:F,2,FALSE()) -> E56_bak
A8: bel | B8: be | C8: bel | D8: =VLOOKUP(UPPER(B8),langs!A:D,4,FALSE()) -> Q9091 | E8: =VLOOKUP(UPPER(C8),langs!E:F,2,FALSE()) -> E56_bel
A9: bol | B9: bg | C9: bul | D9: =VLOOKUP(UPPER(B9),langs!A:D,4,FALSE()) -> Q7918 | E9: =VLOOKUP(UPPER(C9),langs!E:F,2,FALSE()) -> E56_bul
A10: ces | B10: cs | C10: ces | D10: =VLOOKUP(UPPER(B10),langs!A:D,4,FALSE()) -> Q9056 | E10: =VLOOKUP(UPPER(C10),langs!E:F,2,FALSE()) -> E56_ces
A11: dat | B11: da | C11: dan | D11: =VLOOKUP(UPPER(B11),langs!A:D,4,FALSE()) -> Q9035 | E11: =VLOOKUP(UPPER(C11),langs!E:F,2,FALSE()) -> E56_dan
A12: esp | B12: eo | C12: epo | D12: =VLOOKUP(UPPER(B12),langs!A:D,4,FALSE()) -> Q143 | E12: =VLOOKUP(UPPER(C12),langs!E:F,2,FALSE()) -> E56_epo
A13: est | B13: et | C13: est | D13: =VLOOKUP(UPPER(B13),langs!A:D,4,FALSE()) -> Q9072 | E13: =VLOOKUP(UPPER(C13),langs!E:F,2,FALSE()) -> E56_est
... A50: tak | B50: ja | C50: jpn | D50: =VLOOKUP(UPPER(B50),langs!A:D,4,FALSE()) -> Q5287 | E50: =VLOOKUP(UPPER(C50),langs!E:F,2,FALSE()) -> E56_jpn
